prompt,completion
"안녕하세요. 오늘 경희내과에 예약이 되어 있는데요, 시간이 좀 어려워서 변경 문의드리려고요.","네, 안녕하세요. 확인 도와드릴게요. 성함이 어떻게 되실까요?"
홍길동입니다. 오늘 오전에 예약돼 있었어요.,"잠시만요.확인되었습니다. 오늘 오전 10시 30분, 내과 진료로 예약되어 있으시네요. 변경 원하시는 시간대 있으신가요?"
"오후 시간대로 바꾸고 싶은데요, 가능한 시간 알려주실 수 있을까요?","네, 오후에는 2시 20분, 3시 10분, 그리고 4시가 비어 있습니다. 어떤 시간으로 변경해드릴까요?"
3시 10분으로 부탁드릴게요.,"네, 3시 10분으로 변경해드렸습니다. 진료 10분 전까지 도착 부탁드립니다."
감사합니다.,"네, 조심히 오세요. 좋은 하루 보내세요."
안녕하세요. 오늘 병원 예약이 되어 있는데 시간 좀 변경할 수 있을까요?,"네, 안녕하세요. 확인 도와드릴게요. 성함 부탁드릴게요."
홍길동입니다. 원래 오전 11시 예약이었어요.,"네, 확인됐습니다. 내과 오전 11시 진료로 되어 있네요. 혹시 어느 시간대로 변경 원하시나요?"
갑자기 일정이 생겨서 오후로 옮기고 싶어요.,"오후에는 2시 30분, 3시 40분, 4시 50분이 비어 있어요. 어떤 시간이 괜찮으세요?"
그럼 3시 40분으로 부탁드릴게요.,"네, 3시 40분으로 변경해드렸습니다. 진료 시작 10분 전까지 도착 부탁드립니다."
"네, 감사합니다.","네, 조심히 오세요. 좋은 하루 되세요."
"안녕하세요. 오늘 오전 11시에 진료 예약했는데, 갑자기 회의가 잡혀서 오후로 바꿀 수 있을까요?","네, 확인 도와드릴게요. 성함 말씀해주시겠어요?"
홍길동입니다. 내과 진료였어요.,"확인했습니다. 오전 11시 예약 맞고요. 오후엔 2시, 3시 반, 4시 50분 자리가 비어있는데 어떤 시간이 괜찮으세요?"
3시 반쯤이면 괜찮을 것 같아요.,"네, 3시 30분으로 변경해드렸습니다. 진료 10분 전까지 도착 부탁드려요."
네 감사합니다.,"네, 조심히 오세요."
안녕하세요. 오늘 진료 예약이 있었는데 제가 날짜를 착각해서요… 혹시 예약 다시 잡을 수 있을까요?,"네, 성함 말씀해주시면 확인해보겠습니다."
"홍길동이고요, 원래 오늘 오전 11시였던 것 같아요.",확인해보니 오늘 오전 11시 내과 진료 예약이 잡혀 있네요. 재예약 원하시나요?
"네, 가능하면 오후로 바꿔주세요.",오늘 오후 1시반이랑 2시 가능합니다. 어느 시간이 괜찮으세요?
2시로 부탁드릴게요.,"네, 변경 완료됐습니다. 내일 뵙겠습니다."
안녕하세요. 제가 늦잠을 자서 예약 시간 맞추기 어려울 것 같아요. 시간 좀 미룰 수 있을까요?,"네, 괜찮습니다. 예약 확인 도와드릴게요. 성함 알려주세요."
"홍길동이고요, 내과 오전 11시 진료였어요.",확인됐습니다. 오후에 1시 반이나 3시 10분 비어 있습니다. 어떤 시간 원하시나요?
1시 반으로 부탁드릴게요.,"네, 1시 30분으로 변경 처리해드렸습니다. 시간 맞춰서 오시면 됩니다."
"안녕하세요. 오늘 오전 11시에 내과 예약이 되어 있는데, 일정이 생겨서 오후로 변경 가능할까요?","네, 성함이랑 연락처 확인 도와드릴게요."
"홍길동이고요, 010-1234-5678입니다.","확인했습니다. 7월 1일 화요일 오전 11시 경희 내과 예약 되어 있으시네요. 오후엔 2시 20분, 3시 50분 자리가 비어 있습니다. 어느 시간 원하시나요?"
3시 50분으로 부탁드릴게요.,"네, 3시 50분으로 변경 완료되었습니다. 10분 전까지 도착 부탁드립니다."
감사합니다. 그 시간에 뵙겠습니다.,"네, 조심히 내원해주세요."
안녕하세요. 오늘 경희 내과에 오전 11시 예약이 잡혀 있는데 갑자기 일이 생겨서 오후로 바꿀 수 있을지 문의드려요.,"네, 성함과 전화번호 부탁드립니다."
"홍길동이고요, 번호는 010-1234-5678이에요.","확인되었습니다. 오늘 오전 11시 예약이 맞고요, 오후엔 1시 40분, 3시, 4시 10분 시간대가 비어 있어요. 원하시는 시간 있으실까요?"
"1시 40분은 조금 빠를 것 같고, 3시로 해주세요.","네, 3시로 변경 도와드렸습니다. 접수는 10분 전까지 부탁드려요."
알겠습니다. 감사합니다.,"네, 내일 뵙겠습니다. 좋은 하루 보내세요."
"안녕하세요. 제가 오늘 오전 11시에 경희 내과 예약했는데, 갑작스럽게 일정이 생겨서 진료 시간을 오후로 옮기고 싶어요.","네, 예약 확인 도와드릴게요. 성함과 연락처 알려주시겠어요?"
홍길동입니다. 전화번호는 010-1234-5678이에요.,"확인됐습니다. 오후에는 2시, 3시 15분, 5시 10분이 가능합니다. 어떤 시간 원하시나요?"
2시는 조금 빠르니까 3시 15분으로 부탁드릴게요.,"네, 3시 15분으로 예약 변경 처리했습니다. 감사합니다."
"네, 수고 많으세요. 감사합니다.","네, 조심히 오세요."
"여보세요, 오늘 오전 11시에 경희 내과 예약한 홍길동인데요. 갑자기 외부 미팅이 생겨서 진료 시간을 오후로 바꿀 수 있을까요?","네, 확인 도와드릴게요. 전화번호 010-1234-5678 맞으시죠?"
네 맞아요.,확인됐습니다. 오후에 1시 반이나 4시 자리 가능하신데 어느 쪽이 괜찮으세요?
4시쯤이 편하겠네요. 그 시간으로 변경 부탁드려요.,"네, 4시로 변경 완료되었습니다. 진료 전 10분까지 오시면 됩니다."
"네, 감사합니다.",좋은 하루 되세요. 조심히 오세요.
"안녕하세요. 오늘 2025년 7월 1일 화요일 오전 11시에 경희 내과 예약돼 있는데, 갑자기 일정이 생겨서 진료를 오후로 미룰 수 있을까요?","네, 확인 도와드릴게요. 성함이랑 전화번호 알려주시겠어요?"
"홍길동이고요, 전화번호는 010-1234-5678입니다.","네, 확인되었습니다. 현재 오전 11시 예약 되어 있고요, 오후 1시 20분, 2시 50분, 4시 40분 예약 가능합니다. 어느 시간이 괜찮으세요?"
2시 50분이 괜찮을 것 같아요.,"네, 2시 50분으로 변경 완료했습니다. 진료 10분 전까지 도착 부탁드려요."
"네, 감사합니다. 그 시간에 뵐게요.","네, 뵙겠습니다."
"여보세요, 경희내과죠? 오늘 진료 시간 변경 때문에 전화드렸습니다.","네, 경희내과입니다. 어떤 문의이실까요?"
"제가 오늘 오전 11시에 홍길동 이름으로 내과 진료 예약이 되어 있었는데요, 갑자기 일정이 생겨서요. 혹시 오후 시간대로 변경이 가능할지 해서 연락드렸습니다.","아, 네. 홍길동님. 예약 확인 도와드리겠습니다. 성함과 예약 시간을 다시 한번 말씀해주시겠어요?"
"네, 홍길동이고요. 오늘 오전 11시에 내과 진료로 예약되어 있었습니다. 전화번호는 010-1234-5678입니다.","네, 잠시만 기다려주세요. (잠시 후) 네, 홍길동님, 오늘 오전 11시 내과 진료 예약 확인되었습니다. 오후 시간대로 변경을 원하시는군요. 몇 시쯤으로 생각하고 계신가요?"
"정확한 시간을 정하기가 어려워서요, 혹시 오후에 가능한 시간대를 몇 군데 알려주실 수 있으실까요?","네, 확인해드리겠습니다. 현재 오후에는 2시 30분, 3시 50분, 그리고 5시 10분 이렇게 세 타임이 비어 있습니다. 이 중에서 편하신 시간이 있으실까요?"
음... 3시 50분으로 변경 부탁드릴 수 있을까요?,"네, 알겠습니다. 오후 3시 50분으로 변경 처리 도와드리겠습니다. 진료 10분 전까지는 도착해주시면 감사하겠습니다."
"네, 정말 감사합니다!",천만에요. 다른 궁금한 점은 없으실까요?
"아니요, 없습니다. 수고하세요.","네, 홍길동님. 조심히 오세요."
"여보세요, 경희내과 맞죠? 제가 오늘 진료 예약이 되어 있어서 전화드렸는데요, 혹시 진료 시간 변경이 가능할지 해서 문의드립니다.","네, 경희내과입니다. 어떤 진료이시고, 성함이 어떻게 되실까요?"
"아, 네. 제가 홍길동인데요, 오늘 오전 11시에 내과 진료로 예약이 되어 있었거든요. 전화번호는 010-1234-5678입니다.","네, 잠시만 확인 도와드리겠습니다. (잠시 후) 네, 홍길동님, 오전 11시 내과 예약 확인되었습니다. 진료 시간 변경을 원하시는군요. 혹시 어떤 시간대로 변경을 원하시는지 알려주실 수 있으실까요?"
"네, 갑자기 오후에 중요한 일정이 생기는 바람에 도저히 오전에 맞춰서 가기가 어렵게 되었어요. 혹시 오늘 오후 진료가 비어 있는 시간이 있을까요? 아니면 내일이라도 괜찮은데, 가능한 시간대가 언제쯤인지 좀 알려주실 수 있을까요?","네, 고객님. 불편하시겠지만 진료시간을 변경해드릴 수 있도록 최대한 노력하겠습니다. 우선 오늘 오후 시간부터 확인해 볼까요? 오늘 오후에는 현재 2시 30분과 3시 50분 진료가 가능합니다. 어느 시간이 괜찮으실까요?"
음... 오늘 오후 3시 50분으로 변경하는 게 가장 좋을 것 같아요. 그렇게 변경 가능할까요?,"네, 홍길동님, 오후 3시 50분으로 변경 처리 도와드리겠습니다. 혹시 더 궁금하신 점은 없으실까요?"
"아니요, 그 정도면 됐습니다. 정말 감사합니다!","네, 진료 10분 전까지는 병원에 도착해주시면 감사하겠습니다. 조심히 오세요."
"네, 알겠습니다. 수고하세요.","네, 감사합니다."
경희내과죠? 진료 시간 변경 좀 하려고요.,"네, 성함이 어떻게 되시죠?"
홍길동입니다. 오늘 오전 11시 예약돼 있었어요.,"네, 홍길동님. 확인됐습니다. 오후로 바꾸시려구요?"
"네, 오후 가능한 시간 알려주세요.","오후 2시 30분, 3시 50분, 5시 10분 비어 있습니다."
3시 50분으로 해주세요.,"네, 3시 50분으로 변경해드렸습니다."
감사합니다.,"네, 조심히 오세요."
"안녕하세요, 경희내과죠? 오늘 진료 시간 변경 때문에 전화드렸어요.","네, 안녕하세요. 성함과 예약 시간을 말씀해주시겠어요?"
"홍길동입니다. 오늘 오전 11시 내과 진료 예약이 있어요. 근데 갑자기 일이 생겨서요, 혹시 오늘 2시쯤으로 변경 가능할까요?","(확인 후) 죄송합니다, 홍길동님. 오늘 오후 2시 타임은 이미 예약이 차서 어렵습니다. 혹시 3시 이후 시간대는 어떠실까요?"
"아, 2시는 안 되나요? 그럼 3시 이후에는 몇 시쯤 가능할까요? 혹시 오후에 제가 서류를 받아야 하는데, 진료 후에 바로 받을 수 있을지도 궁금해요.","네, 3시 이후에는 현재 3시 50분과 5시 10분 타임이 가능합니다. 진료 후 서류 발급은 보통 10분 정도 소요되는데, 어떤 서류인지 미리 말씀해주시면 준비해두겠습니다."
"아, 네, 진료 확인서요. 그럼 3시 50분으로 변경하고 진료 확인서는 미리 준비 부탁드릴게요.","네, 알겠습니다. 3시 50분으로 변경하고 진료 확인서도 미리 준비해두겠습니다. 진료 10분 전까지 도착 부탁드립니다."
감사합니다!,"네, 조심히 오세요."
안녕하세요! 경희내과 맞죠? 저 오늘 진료 시간 좀 바꿀 수 있나 해서 전화드렸어요.,"네, 맞아요! 혹시 성함이랑 언제 예약이셨을까요?"
"아, 네네. 저 홍길동인데요, 오늘 오전 11시에 내과 진료 예약돼 있었거든요. 갑자기 좀 일이 생겨서요.","아, 홍길동님. 네네. 잠깐만요, 확인해볼게요. 네, 오전 11시 맞으시죠? 오후로 바꾸고 싶으시다고요?"
"네, 맞아요. 혹시 오후에 언제쯤 괜찮을까요? 제가 시간이 좀 애매해서요.","음, 네. 지금 오후에는 2시 30분, 3시 50분, 그리고 5시 10분 이렇게 세 타임 정도 비네요. 이 중에 괜찮은 시간 있으세요?"
으음... 3시 50분이 딱 좋겠네요! 그걸로 바꿔주실 수 있을까요?,"네, 그럼요! 3시 50분으로 변경 처리 바로 해드릴게요. 오실 때 진료 10분 전까지만 와주시면 돼요."
네! 고맙습니다!,"네, 조심히 오시구요!"
"네, 수고하세요!","네, 감사합니다."
"여보세요, 경희내과죠? 오늘 진료 시간 변경 때문에 전화드렸습니다.","네, 경희내과입니다. 어떤 문의이실까요?"
"제가 오늘 오전 11시에 홍길동 이름으로 내과 진료 예약이 되어 있었는데요, 갑자기 일정이 생겨서요. 혹시 오후 시간대로 변경이 가능할지 해서 연락드렸습니다. 오후에 혹시 몇 시부터 진료가 가능할까요?","네, 홍길동님. 확인 도와드리겠습니다. 오늘 오후에는 2시부터 진료가 시작됩니다."
"아, 2시부터요? 그럼 혹시 2시 이후로 바로 예약 가능한 시간이 있을까요?","2시 30분, 3시 50분, 5시 10분 이렇게 가능합니다."
그럼 혹시 3시 50분은 비어 있을까요? 제가 그때쯤 도착할 수 있을 것 같아서요.,"네, 3시 50분 가능합니다. 변경해드릴까요?"
"네, 그럼 3시 50분으로 변경 부탁드립니다. 감사합니다.","네, 3시 50분으로 변경해드렸습니다."
"안녕하세요, 경희내과인데요. 제가 오늘 진료 예약을 좀 바꿔야 할 것 같아서요.","네, 성함과 예약 시간을 말씀해주세요."
"홍길동이고, 오늘 오전 11시 내과 예약돼 있었어요. 오후로 바꾸고 싶은데, 혹시 오후에 어떤 시간대가 비어 있는지 전부 알려주실 수 있을까요?","네, 홍길동님. 확인해 드리겠습니다. 현재 오후에는 2시 30분, 3시 50분, 5시 10분이 비어 있습니다."
"아, 세 군데 있네요. 그럼 혹시 그 중에서 가장 빠른 시간은 몇 시인가요?",가장 빠른 시간은 2시 30분입니다.
2시 30분은 좀 빠를 것 같은데요. 혹시 3시 50분과 5시 10분 중에서 좀 더 여유 있는 시간이 있을까요?,"네, 3시 50분과 5시 10분 모두 여유가 있습니다."
그럼 혹시 3시 50분 예약은 몇 시까지 병원에 도착해야 할까요?,3시 50분 예약은 3시 40분까지 도착해주시면 됩니다.
"네, 그럼 3시 50분으로 변경 부탁드릴게요. 감사합니다!","네, 그렇게 변경해드리겠습니다."
"여보세요, 경희내과인가요? 제가 오늘 오전에 예약이 있었는데, 갑자기 아이가 아파서요. 진료 시간 좀 변경할 수 있을지 해서 전화드렸습니다.","네, 불편하시겠네요. 성함과 원래 예약 시간을 말씀해주세요."
"홍길동이고, 오늘 오전 11시에 예약돼 있었어요. 혹시 오늘 오후에 아이랑 같이 가도 괜찮은 시간이 있을까요? 아니면 내일이라도 좀 더 여유 있는 시간은 없을까요?","네, 홍길동님. 오늘 오후에는 3시 50분 진료가 가능하시고, 내일은 오전 10시 30분과 오후 4시 20분 진료가 가능합니다."
"아, 그렇군요. 그럼 오늘 3시 50분은 진료 시간이 얼마나 걸릴까요? 아이가 좀 어려서요.",진료는 대략 15분 정도 소요됩니다.
혹시 3시 50분에 예약하면 대기 시간은 길지 않을까요? 아이가 보채면 좀 힘들어서요.,"보통 그 시간대에는 대기가 길지 않습니다만, 당일 상황에 따라 유동적일 수 있습니다."
"네, 알겠습니다. 그럼 오늘 3시 50분으로 변경 부탁드릴게요.","네, 그렇게 변경해드리겠습니다."
"안녕하세요, 경희내과입니다. 진료 시간 좀 변경할 수 있을까요?","네, 성함 말씀해주세요."
홍길동입니다. 오늘 오전 11시 예약이었어요. 혹시 오후에 언제 가능해요?,"네, 오후 2시 30분, 3시 50분, 5시 10분 가능합니다."
그럼 혹시 3시 50분으로 바꿔도 괜찮을까요?,"네, 가능합니다."
다른 필요한 정보는 없을까요?,"아니요, 없습니다."
"네, 감사합니다.","네, 조심히 오세요."
"여보세요, 경희내과죠? 제가 오늘 예약을 취소해야 할 것 같아서 전화드렸는데요.","네, 성함이 어떻게 되실까요?"
홍길동입니다. 오늘 오전 11시에 예약돼 있었어요. 혹시 오늘 취소하면 언제 다시 예약할 수 있을까요?,"홍길동님, 잠시만요. 예약 취소 전에 혹시 오늘 오후나 내일 시간대 변경은 어떠실까요? 오후에 가능한 시간이 몇 군데 있긴 합니다만."
"아, 그래요? 그럼 오후에 어떤 시간대가 가능할까요? 제가 취소하고 다시 예약하는 것보다 변경하는 게 나을 것 같아서요.","네, 오늘 오후에는 2시 30분, 3시 50분, 5시 10분 이렇게 가능합니다."
혹시 3시 50분으로 변경해도 제가 추가로 지불해야 하는 비용은 없을까요?,"아니요, 추가 비용은 발생하지 않습니다."
그럼 3시 50분으로 변경 부탁드릴게요. 취소까지 안 해도 된다니 다행이네요.,"네, 그렇게 변경해드리겠습니다."
"안녕하세요, 경희내과입니다. 제가 오늘 진료 시간 변경 때문에 전화드렸어요.","네, 성함 말씀해주세요."
"홍길동이고, 오늘 오전 11시 내과 예약이요. 제가 혹시 오늘 오후 3시에서 4시 사이에 진료를 받을 수 있을까요? 그 시간대에 가능한 시간이 있는지 확인해주실 수 있을까요?","네, 홍길동님. 잠시만요. 네, 3시 50분 타임이 가능합니다."
"아, 그럼 3시 50분 말고는 다른 시간대는 없을까요? 혹시라도 조금 더 일찍이나 늦게는요?","죄송합니다만, 3시에서 4시 사이에는 3시 50분 타임이 유일합니다. 다른 시간대는 이미 예약이 차 있습니다."
"네, 알겠습니다. 그럼 3시 50분으로 변경 부탁드릴게요.","네, 그렇게 변경해드리겠습니다."
"여보세요, 경희내과죠? 저 오늘 진료 시간 좀 변경하고 싶은데, 궁금한 게 몇 가지 있어서요.","네, 말씀해주세요. 성함과 예약 시간 알려주시겠어요?"
홍길동입니다. 오늘 오전 11시 예약돼 있었어요. 오후로 변경 가능한 시간대가 있을까요? 그리고 혹시 주차는 어디에 하는 게 가장 편할까요?,"네, 홍길동님. 오후에는 2시 30분, 3시 50분, 5시 10분 이렇게 가능합니다. 주차는 병원 건물 지하 주차장을 이용하시면 됩니다."
"아, 지하 주차장이요. 그럼 주차는 몇 시부터 몇 시까지 이용 가능한가요? 그리고 3시 50분으로 바꾸면 혹시 주차권도 받을 수 있을까요?","지하 주차장은 병원 진료 시간 내내 이용 가능하시고, 진료 시 주차권도 제공됩니다."
"네, 좋아요. 그럼 3시 50분으로 변경 부탁드립니다. 감사합니다!","네, 그렇게 변경해드리겠습니다."
"안녕하세요, 경희내과입니다. 저 오늘 오전에 예약인데, 갑자기 몸이 좀 안 좋아서요. 진료는 받아야 하는데 시간이 좀 애매해서요.","네, 성함과 예약 시간을 말씀해주세요."
"홍길동이고 오늘 오전 11시 내과 예약이요. 혹시 오늘 오후에 몸 상태를 봐서 갈 수 있을지 없을지 모르겠는데, 그래도 예약 변경이 가능할까요?","네, 홍길동님. 일단 오후 시간대로 변경은 가능합니다. 오늘 오후 2시 30분, 3시 50분, 5시 10분 중 한 시간대를 선택하실 수 있습니다."
"만약 변경했는데도 제가 못 가게 되면, 또 다시 전화해서 취소해야 하는 건가요?","네, 만약 변경 후에도 방문이 어려우시면 다시 연락 주셔서 취소해주시면 됩니다."
"그럼 혹시 3시 50분으로 변경해두면, 제가 몇 시까지 연락을 드려야 취소가 가능할까요?",진료 시작 최소 30분 전까지 연락 주시면 됩니다.
"네, 알겠습니다. 그럼 일단 3시 50분으로 변경 부탁드릴게요. 감사합니다.","네, 그렇게 변경해드리겠습니다."
"여보세요, 경희내과죠? 제가 오늘 진료 예약이 되어 있어서 전화드렸는데요, 혹시 진료 시간 변경이 가능할지 해서 문의드립니다.","네, 경희내과입니다. 어떤 문의이실까요?"
"아, 네. 제가 홍길동인데요, 오늘 오전 11시에 내과 진료로 예약이 되어 있었거든요. 전화번호는 010-1234-5678입니다. 갑자기 오후에 중요한 일정이 생기는 바람에 도저히 오전에 맞춰서 가기가 어렵게 되었어요.","네, 예약 확인 도와드리겠습니다. 오전 진료 예약 내역이 확인되었습니다. 진료 시간 변경을 원하시는군요. 혹시 어떤 시간대로 변경을 원하시는지 알려주실 수 있으실까요?"
"네, 오늘 오후 진료가 비어 있는 시간이 있을까요? 아니면 내일이라도 괜찮은데, 가능한 시간대가 언제쯤인지 좀 알려주실 수 있을까요?","네, 불편하시겠지만 시간 변경을 도와드릴 수 있도록 최대한 노력하겠습니다. 우선 오늘 오후 시간부터 확인해 볼까요? 현재 오후에는 2시 30분과 3시 50분 진료가 가능합니다. 내일은 오전 10시와 오후 4시 20분이 비어있습니다. 어느 시간이 괜찮으실까요?"
음... 오늘 오후 3시 50분으로 변경하는 게 가장 좋을 것 같아요. 그렇게 변경 가능할까요?,"네, 3시 50분으로 변경 처리가 가능합니다. 혹시 더 궁금하신 점은 없으실까요?"
"아니요, 그 정도면 됐습니다. 정말 감사합니다!","네, 진료 10분 전까지는 병원에 도착해주시면 감사하겠습니다. 조심히 오세요."
"네, 알겠습니다. 수고하세요.","네, 감사합니다."
"여보세요? 경희내과 맞으시죠? 저 오늘 진료 예약이 있어서 전화했는데, 시간 좀 바꿀 수 있을까 해서요.","네, 맞습니다! 어떤 도움 드릴까요?"
"아, 네네. 제가홍길동인데, 오늘 오전 11시에 내과 진료 예약이 있었거든요. 근데 갑자기 좀 일이 생겨가지구요. 혹시 오늘 오후에 빈 시간 있을까요?","네, 예약 내역은 확인됩니다. 오후에 몇 시쯤 생각하고 계세요?"
"음... 정확히 정하긴 어려운데,혹시 가능한 시간대가 몇 시쯤 되는지 알려주실 수 있으세요?","네, 한번 봐드릴게요. 현재 오후에는 2시 반, 3시 50분, 그리고 5시 10분 이렇게 세 타임 가능합니다."
"아하, 그럼3시 50분이 딱 좋을 것 같은데요! 그걸로 바꿔주시면 안 될까요?","네, 가능합니다! 그렇게 바꿔드릴게요."
네! 고맙습니다!,별말씀을요. 조심히 오세요!
"안녕하세요, 경희내과인가요? 제가 오늘 예약 때문에 전화했는데... 혹시 진료 시간 변경도 가능한가요?","네, 가능합니다. 어떤 문의이실까요?"
"제가홍길동인데, 오늘 오전 11시에 내과 진료 예약이었거든요.혹시 오늘 오후에 바꿀 수 있는 시간이 있긴 한가요?아니면내일은 어떤가요?","네, 예약 내역은 확인됩니다. 오늘 오후 시간이나 내일 시간 모두 확인해 드릴 수 있어요. 어느 쪽부터 보아드릴까요?"
"음...오늘 오후에 빈자리가 있다면 오늘로 바꾸고 싶은데요, 몇 시부터 비어있는지 알 수 있을까요?","네, 지금 보니 2시 반부터 시작해서 빈 시간은 있어요."
2시 반이요?그럼 혹시 3시 넘어서도 가능한 시간이 있나요?너무 일찍 가기는 좀 힘들어서요.,"네, 그럼요. 3시 50분과 5시 10분도 가능합니다."
"아, 네.그럼 3시 50분으로 변경하면 제가 뭘 더 해야 할 게 있을까요?","아니요, 없어요. 그대로 변경 도와드릴게요."
"네,그럼 3시 50분으로 부탁드릴게요.정말 감사합니다!","네, 그렇게 처리해드렸습니다."
여보세요! 경희내과 맞죠? 저 오늘 진료 예약 시간 좀 급하게 바꿔야 해서요!,"네, 맞습니다! 무슨 일이실까요?"
"저홍길동인데요, 오늘 오전 11시 예약인데 갑자기 일이 생겨서요!혹시 오늘 오후에 당장 갈 수 있는 시간이 있을까요?","네, 예약 내역은 확인됩니다. 오늘 오후에 2시 반이나 3시 50분, 5시 10분 이렇게 가능하세요."
"으악,3시 50분이요?그게 오늘 제일 빨리 갈 수 있는 시간인가요?","아니요, 2시 30분이 제일 빠릅니다."
아... 2시 반은 좀 힘들 것 같고...그럼 3시 50분으로 바꾸면 오늘 안에 진료 볼 수 있는 거죠?,"네, 그럼요. 3시 50분 진료 가능합니다."
"네, 그럼3시 50분으로 바꿔주세요!고맙습니다!","네, 바로 처리해드렸습니다."
경희내과죠? 진료 예약 바꿀 수 있나요?,"네, 성함이 어떻게 되실까요?"
홍길동요. 오늘 오전 11시 예약돼 있었어요.오후 언제 가능해요?,"네, 확인됩니다. 오후 2시 반, 3시 50분, 5시 10분 가능합니다."
3시 50분으로 해주세요.,"네, 그렇게 도와드릴게요."
끝인가요?,"네, 변경 완료되었습니다."
감사합니다.,"네, 조심히 오세요."
"안녕하세요, 경희내과죠? 제가 오늘 예약을 좀 바꿔야 할 것 같아요.애기랑 같이 갈 건데, 혹시 오후에 괜찮은 시간 있을까요?","네, 성함 알려주세요."
홍길동입니다. 오늘 오전 11시 예약이요.애기랑 같이 가도 괜찮은 시간으로요.,"네, 확인됩니다. 오후 2시 반, 3시 50분, 5시 10분 가능합니다. 편하신 시간으로 선택해주세요."
"음...애기가 낮잠을 자야 해서 3시 50분쯤이 좋을 것 같은데, 그때 좀 붐비나요?",보통 그 시간대는 아주 붐비지는 않습니다.
"그럼 3시 50분으로 변경 부탁드리고, 혹시 애기 의자 같은 것도 준비돼 있을까요?","네, 유아용 의자 있습니다. 3시 50분으로 변경해드렸어요."
"네, 감사합니다!","네, 조심히 오세요."
"여보세요, 경희내과인가요? 오늘 진료 시간 좀 변경하고 싶은데요.","네, 어떤 도움 드릴까요?"
"저홍길동인데, 오늘 오전 11시 내과 예약이었거든요.혹시 오후로 바꾸고 싶은데 가능한 시간대가 있을까요? 그리고 진료 후에 진료 확인서도 바로 받을 수 있을까요?","네, 예약 내역은 확인됩니다. 오후 2시 반, 3시 50분, 5시 10분 진료 가능하시고요. 진료 확인서는 말씀해주시면 바로 발급 가능합니다."
"아, 네.그럼 3시 50분으로 바꾸면 진료 확인서도 바로 받을 수 있는 거죠?기다려야 하는 건 아니고요?","네, 그럼요. 말씀해주시면 바로 처리해드릴 거예요."
좋아요!그럼 3시 50분으로 변경 부탁드립니다!,"네, 그렇게 바꿔드렸어요."
"네, 고맙습니다!","네, 오실 때 다시 뵐게요!"
"안녕하세요... 경희내과죠? 제가 오늘 진료 예약이 있는데... 아, 그 시간 좀 바꾸고 싶어서 전화했어요.","네, 성함이 어떻게 되실까요?"
"아, 네.홍길동입니다. 오늘 오전 11시 예약이었어요.근데 제가 너무 정신이 없어서... 혹시 오후에 언제쯤 가는 게 좋을지 추천해주실 수 있을까요?","네, 예약 내역은 확인됩니다. 현재 오후에는 2시 반, 3시 50분, 5시 10분이 비어있습니다.혹시 몇 시쯤이 가장 편하실지 생각해 보셨나요?"
으음... 다 비슷비슷한 것 같기도 하고...혹시 3시 50분 예약은 많이 기다려야 할까요?,보통 그 시간대는 괜찮습니다.
"아, 그렇군요.그럼 3시 50분으로 변경하면 제가 나중에 따로 전화해서 확인 안 해도 되는 거죠?","네, 그럼요. 바로 처리될 겁니다."
"네,그럼 3시 50분으로 부탁드릴게요.아휴, 감사합니다.","네, 편하게 오세요."
"경희내과입니다. 저홍길동, 오늘 오전 11시 예약이에요. 오후로 변경해주세요.","네, 변경 요청 확인했습니다."
오후 언제 가능하죠?,"오후 2시 반, 3시 50분, 5시 10분 가능합니다."
3시 50분.,"네, 3시 50분으로 변경해드릴까요?"
네.,"네, 처리되었습니다."
됐나요?,"네, 완료되었습니다."
"안녕하세요, 경희내과죠? 저 진료 시간 좀 변경하고 싶어서요.","네, 성함과 예약 시간 알려주세요."
홍길동입니다. 오늘 오전 11시 예약이요.혹시 오늘 오후에 빈자리가 없으면 내일로 바꿀 수도 있나요?,"네, 예약 내역 확인했습니다. 오늘 오후에는 2시 반, 3시 50분, 5시 10분이 가능하고요. 내일은 오전 10시, 오후 4시 20분이 가능합니다."
으음...오늘 오후 3시 50분이랑 내일 오전 10시 중에 뭐가 더 빨리 끝날까요?,그건 진료 상황에 따라 다를 수 있습니다.
그럼 혹시 내일 오전 10시로 바꾸면 오늘 전화 안 해도 되는 거죠?,"네, 그럼요. 바로 변경해드립니다."
"네,그럼 내일 오전 10시로 변경 부탁드릴게요.","네, 그렇게 도와드리겠습니다."
여보세요! 경희내과 맞죠? 저 오늘 진료 시간 바꾸려고 전화했는데요.제가 먼저 필요한 정보를 말씀드릴까요?,"네, 성함과 원래 예약 시간을 말씀해주시면 됩니다."
"네,홍길동이고 오늘 오전 11시에 내과 진료 예약입니다.오후로 변경하고 싶은데, 가능한 시간대를 먼저 알려주실 수 있으신가요?","네, 예약 내역 확인했습니다. 오늘 오후 2시 반, 3시 50분, 5시 10분이 비어있습니다."
그럼 혹시 이 중에서 가장 인기 있는 시간대는 몇 시인가요?아니면비교적 한가한 시간대는 어디예요?,보통 3시 50분대가 무난하게 진료가 이루어집니다.
"아, 그렇군요.그럼 3시 50분으로 변경했을 때, 혹시 제가 병원에 도착하기까지 몇 분 정도 여유를 두는 게 좋을까요?",진료 10분 전까지 도착하시면 좋습니다.
"네, 알겠습니다.그럼 3시 50분으로 변경 부탁드릴게요.고맙습니다!","네, 그렇게 처리해드렸습니다."
"야, 경희내과지? 나 오늘 예약 바꿔야 되니까 빨리 처리해줘.","네, 경희내과입니다. 어떤 문의이실까요?"
"나 홍길동인데, 오늘 오전 11시 예약돼 있었어. 오후로 당장 바꿔. 가능한 시간 언제인데?","예약 내역은 확인됩니다. 오후에 가능한 시간은 2시 30분, 3시 50분, 5시 10분입니다."
3시 50분. 그걸로 해.,"네, 3시 50분으로 변경해드릴까요?"
빨리 해달라고. 됐냐?,"네, 처리 완료되었습니다."
알았어.,네.
"아, 진짜. 경희내과 맞아요? 진료 시간 좀 바꾸려고 하는데, 진짜 짜증 나네.","네, 맞습니다. 불편하시겠지만, 어떤 문의이실까요?"
"나 홍길동인데, 오늘 오전 11시에 예약됐다고. 근데 갑자기 못 가게 됐다고! 오후에 언제 비냐고!","예약 내역은 확인됩니다. 오늘 오후에는 2시 30분, 3시 50분, 5시 10분이 비어 있습니다."
뭔 시간이 이따위야? 3시 50분밖에 없어?,현재 그 시간들이 가능합니다.
하... 알았어. 3시 50분으로 바꿔놔.,"네, 그렇게 변경해드리겠습니다."
끊어.,네.
"야, 여기 경희내과 맞냐?","네, 경희내과입니다."
"나 홍길동인데, 오늘 오전 11시 예약. 시간 변경 좀 하려는데, 니네 언제까지 근무하는데?",예약 내역은 확인됩니다. 오후 5시 30분까지 진료합니다.
그럼 오후에 예약 가능한 시간은? 설마 없다고 하는 건 아니겠지?,"네, 오후 2시 30분, 3시 50분, 5시 10분 진료가 가능합니다."
"오, 그래도 시간이 있네? 3시 50분으로 바꿔줘.","네, 그렇게 처리해드리겠습니다."
됐어.,네.
여보세요. 경희내과죠? 진료 시간 좀 확인하려고 하는데.,"네, 어떤 문의이실까요?"
"나 홍길동인데, 오늘 오전 11시 예약돼 있어. 근데 갑자기 못 가게 됐는데, 진짜 오후에 빈 시간 없어? 숨기는 거 아니지?","예약 내역은 확인됩니다. 현재 가능한 시간은 2시 30분, 3시 50분, 5시 10분입니다."
진짜 그게 다야? 내가 원하는 시간은 없어?,"네, 현재 확인되는 시간은 그렇습니다."
알았어. 그럼 3시 50분으로 변경해놔.,"네, 그렇게 변경해드리겠습니다."
수고.,네.
"아, 드디어 전화받네. 경희내과 맞으세요?","네, 경희내과입니다."
"나 홍길동인데, 오늘 오전 11시 예약. 진료 시간 바꾸려고 하는데, 나 같은 사람이 한둘이 아닐 텐데, 알아서 잘 바꿔주세요, 네?","네, 예약 내역은 확인됩니다. 어떤 시간대로 변경을 원하시는지 알려주시겠어요?"
"오후에 되는 시간 좀 알려줘요. 뭐, 아무 때나 괜찮으니까.","오후 2시 30분, 3시 50분, 5시 10분 진료가 가능합니다."
3시 50분. 그거면 되겠죠?,"네, 가능합니다."
"네, 그럼 3시 50분으로 바꿔요.","네, 그렇게 처리해드렸습니다."
여보세요.,"네, 경희내과입니다."
"홍길동인데, 오늘 오전 11시. 변경.","네, 예약 내역은 확인됩니다. 변경 원하시는 시간을 말씀해주시겠어요?"
오후 언제 돼?,"오후 2시 30분, 3시 50분, 5시 10분 가능합니다."
3시 50분. 그걸로 됐어.,"네, 그렇게 변경해드리겠습니다."
됐어.,네.
"아, 정말. 경희내과죠? 오늘 진료 때문에 오전에 예약했는데, 갑자기 못 가게 됐어요. 진짜 왜 이렇게 일이 꼬이는지 모르겠네.","네, 불편하시겠지만 어떤 문의이실까요?"
"저 홍길동인데, 오늘 오전 11시 예약. 오후로 바꾸려고 하는데, 제대로 되는 게 없네.","예약 내역은 확인됩니다. 오후에 가능한 시간은 2시 30분, 3시 50분, 5시 10분입니다."
"아니, 왜 이렇게 선택지가 없어? 다른 날은 안 돼?",현재 오늘 오후에 가능한 시간은 그렇습니다. 다른 날짜는 다시 확인해드릴 수 있습니다.
됐어. 그냥 오늘 3시 50분으로 바꿔줘.,"네, 그렇게 변경해드리겠습니다."
어휴...,네.
경희내과.,"네, 경희내과입니다."
"홍길동, 오전 11시. 변경. 빨리 해줘.","네, 예약 내역은 확인됩니다. 변경 원하시는 시간을 말씀해주시겠어요?"
오후에 언제 되는데? 답답하네.,"오후 2시 30분, 3시 50분, 5시 10분 가능합니다."
3시 50분.,"네, 3시 50분으로 변경해드릴까요?"
응.,"네, 처리 완료되었습니다."
여보세요. 저 오늘 진료 시간 좀 바꿔야겠는데.,"네, 성함 말씀해주세요."
홍길동. 오늘 오전 11시 예약. 오후 언제 가능해요?,"네, 예약 내역은 확인됩니다. 오후에 2시 30분, 3시 50분, 5시 10분 진료가 가능합니다."
3시 50분으로 해줘.,"네, 그렇게 변경해드릴까요?"
응. 됐지?,"네, 완료되었습니다."
수고.,네.
"안녕하세요? 나 홍길동인데, 오늘 오전 11시 진료 예약된 사람이에요. 갑자기 내 스케줄이 바뀌어서 진료 시간을 변경해야겠어. 오후에 나한테 맞춰줄 수 있는 시간 있어?","네, 예약 내역은 확인됩니다. 오후에 가능한 시간은 2시 30분, 3시 50분, 5시 10분입니다."
으음... 그럼 3시 50분으로 변경하면 내가 몇 시까지 가야 하는 거야?,진료 10분 전까지 도착해주시면 됩니다.
"알았어. 그럼 3시 50분으로 변경하고, 나중에 내가 또 바꾸고 싶으면 그때 또 전화하면 되는 거지?","네, 그럼요. 다시 연락 주시면 됩니다."
오케이. 3시 50분으로 바꿔줘.,"네, 그렇게 처리해드렸습니다."
수고.,네.
저... 안녕하세요. 오늘 병원 예약했었나? 갑자기 헷갈려서요.,"네, 어떤 진료이신지 성함과 생년월일을 말씀해주시면 예약 내역 확인 도와드릴게요."
"아, 네네.홍길동이고, 95년 12월 25일이요.","네, 예약 내역을 확인해드렸습니다. 오늘 오전 11시 내과 진료로 예약되어 있으시네요."
"네! 맞아요! 그거 좀 바꿔야 하는데, 혹시 오후에 언제 가능한가요?","네, 오후에는 2시 30분, 3시 50분, 5시 10분 진료가 가능합니다."
3시 50분으로 바꿔주세요.,"네, 그렇게 변경해드릴게요."
"안녕하세요, 제가 진료 예약을 해놨던 것 같은데, 언제인지 기억이 안 나서 전화드렸어요.","네, 성함이 어떻게 되실까요?"
홍길동입니다.,"네, 확인 도와드리겠습니다. 오늘 오전 11시 내과 진료로 예약되어 있으십니다. 변경을 원하시나요?"
"네, 맞아요! 그거 변경하려구요.오후에 언제 비어있어요?","오후에는 2시 30분, 3시 50분, 5시 10분 진료가 가능합니다."
3시 50분으로 부탁드릴게요.,"네, 변경 완료되었습니다."
"안녕하세요. 제가 오늘 진료 예약이 있는데, 갑자기 일정이 생겨서요. 혹시 오늘 오후에 빈 시간 있나요?","네, 성함과 예약 시간을 알려주시면 확인해드리겠습니다."
"아, 네.홍길동이고요. 오늘 오전 예약이었어요.","네, 예약 내역 확인됩니다. 오후에 가능한 시간은 2시 30분, 3시 50분, 5시 10분입니다."
3시 50분으로 변경할 수 있을까요?,"네, 가능합니다."
"네, 감사합니다.","네, 조심히 오세요."
"여보세요? 여기 경희내과 맞죠? 제가 오늘 병원 예약이 있었던 것 같아서 전화했는데, 제대로 전화 건 게 맞는지 모르겠네요.","네, 경희내과입니다. 혹시 성함과 예약 날짜를 말씀해주실 수 있을까요?"
"홍길동이고, 오늘이나 내일쯤 예약했던 것 같아요.","네, 확인해드리겠습니다. 오늘 오전 11시 내과 진료로 예약되어 있으십니다."
"아! 맞아요! 그거 좀 바꿔야 하는데,오후에 언제 갈 수 있을까요?","오후에는 2시 30분, 3시 50분, 5시 10분 진료가 가능합니다."
3시 50분으로 바꿔주세요.,"네, 그렇게 처리해드리겠습니다."
"안녕하세요, 저희 엄마가 오늘 병원 예약이 있는데, 제가 대신 전화드렸어요. 혹시 시간 좀 바꿀 수 있을까요?","네, 어떤 분 예약이신지 성함과 예약 날짜를 말씀해주시겠어요?"
"엄마 성함은 박순자고, 아마 오늘이었을 거에요.","네, 예약 내역은 확인됩니다. 혹시 홍길동님 예약도 같이 확인해드릴까요? 오늘 오전 11시 내과 진료가 예약되어 있으십니다."
"어? 제가요? 아, 저도 예약했었네요! 그럼 제꺼부터 바꿔야겠어요. 오후에 가능한 시간 알려주세요.","네, 오후에는 2시 30분, 3시 50분, 5시 10분 진료가 가능합니다."
3시 50분으로 변경 부탁드릴게요.,"네, 그렇게 변경해드렸습니다."
안녕하세요. 저 요새 목이 따갑고 기침이 심해서 오늘 예약했었나? 싶어서 전화했어요.,"네, 예약 내역 확인해드릴게요. 성함이 어떻게 되실까요?"
"아, 네.홍길동입니다.","네, 확인되었습니다. 오늘 오전 11시 내과 진료로 예약되어 있으십니다. 혹시 시간 변경을 원하시나요?"
"네, 맞아요. 오후로 바꾸고 싶은데언제 가능해요?","오후에는 2시 30분, 3시 50분, 5시 10분 진료가 가능합니다."
3시 50분으로 바꿔주세요.,"네, 그렇게 처리해드리겠습니다."
"여보세요. 제 친구김철수가 오늘 여기 예약했다고 하는데, 제가 대신 물어보려구요. 혹시 몇 시에 예약돼 있는지 알 수 있나요?","환자 본인이 아니시면 예약 내역을 직접적으로 알려드리기 어렵습니다. 환자분 성함으로 본인 확인이 가능합니다. 혹시 환자 본인이시거나, 전화 주신 분 성함을 알려주실 수 있을까요?"
"아, 네. 제가홍길동인데, 저도 오늘 예약이 있었거든요.그럼 제 예약부터 확인하고 변경할 수 있을까요?","네, 예약 내역은 확인됩니다. 오늘 오전 11시 내과 진료가 예약되어 있으십니다."
네. 그럼오후에 가능한 시간알려주세요.,"오후에는 2시 30분, 3시 50분, 5시 10분 진료가 가능합니다."
3시 50분으로 바꿔주세요.,"네, 그렇게 변경해드리겠습니다."
"여보세요? 제가 오늘 진료 예약이 있는데, 시간이 좀 안 될 것 같아서요. 혹시 지금 바로 갈 수 있을까요?","네, 성함과 원래 예약 시간을 알려주시면 확인해드릴게요."
홍길동이고... 오늘 오전이었어요.,"네, 예약 내역은 확인됩니다. 혹시 지금 오시면 대기 시간이 길어질 수 있는데 괜찮으실까요?"
"아, 그래요?그럼 오후로 바꿔야겠네요. 언제쯤 가면 될까요?","오후에는 2시 30분, 3시 50분, 5시 10분 진료가 가능합니다."
"네, 그럼3시 50분으로 변경할게요.","네, 그렇게 변경해드렸습니다."
"안녕하세요, 저 오늘 진료 예약 시간 때문에 전화했는데요.","네, 성함이 어떻게 되실까요?"
홍길동입니다.,"네, 확인 도와드리겠습니다. 고객님께서는 내일 오전 11시에 내과 진료가 예약되어 있으십니다."
어? 내일이었어요? 제가 날짜를 착각했네요. 그럼오늘 진료는 아예 안 되는 건가요?,"오늘 진료를 원하시면 새로 예약하셔야 합니다. 오후에 2시 30분, 3시 50분, 5시 10분 진료가 가능합니다."
아... 그럼오늘 3시 50분으로 바꾸고내일 예약은 취소해주실 수 있나요?,"네, 그렇게 도와드릴게요."
"안녕하세요, 제가 오늘 진료 예약이 있는데 시간 좀 변경하려구요. 제 번호는010-1234-5678입니다.","네, 예약 내역 확인 도와드릴게요. 성함은 어떻게 되실까요?"
"아,홍길동입니다.","네, 확인되었습니다. 오늘 오전 11시 내과 진료로 예약되어 있으십니다."
"네. 오후로 바꾸고 싶은데,언제쯤 가능해요?","오후에는 2시 30분, 3시 50분, 5시 10분 진료가 가능합니다."
3시 50분으로 변경 부탁드립니다.,"네, 그렇게 변경해드리겠습니다."
"안녕하세요, 경희내과죠? 오늘 진료 시간 좀 변경하고 싶은데요. 오후 2시에 혹시 가능한가요?","네, 성함과 예약 시간 알려주세요."
"홍길동이고, 오늘 오전 11시 예약이었어요. 2시로 바꾸고 싶은데 가능할까요?","네, 예약 내역은 확인됩니다. 죄송하지만 2시는 이미 예약이 꽉 찼습니다. 혹시 2시 30분이나 3시 50분은 어떠실까요?"
"2시 30분은 좀 애매한데, 그럼 3시 50분으로 바꿔주세요.","네, 그렇게 처리해드리겠습니다."
감사합니다.,"네, 조심히 오세요."
"여보세요? 제가 오늘 김철수 원장님 진료 예약이 있는데, 오후로 변경해도 계속 그분께 진료받을 수 있나요?","네, 성함과 예약 시간 알려주세요."
"홍길동인데, 오늘 오전 11시 예약이었어요.","네, 예약 내역 확인되었습니다. 죄송하지만 김철수 원장님은 오늘 오후 진료가 모두 마감되었습니다. 다른 원장님 진료를 받으시는 건 어떠실까요?"
"아, 그래요? 그럼 다른 원장님은 언제 가능한데요?","오후 2시 30분, 3시 50분, 5시 10분 진료가 가능합니다."
3시 50분으로 부탁드릴게요.,"네, 그렇게 변경해드리겠습니다."
"안녕하세요, 경희내과입니다. 제가 오늘 예약이 있는데 시간이 애매해서요, 혹시 지금 바로 가면 진료 볼 수 있을까요?","네, 성함과 예약 시간 알려주세요."
홍길동입니다. 오늘 오전 11시 예약이었어요.,"네, 예약 내역 확인되었습니다. 지금 오시면 대기 환자가 많아 진료까지 시간이 오래 걸릴 수 있습니다. 괜찮으시다면 오후 3시 50분이나 5시 10분으로 예약해드릴까요?"
"으음, 대기가 긴가요? 그럼 오후 3시 50분으로 바꿔주세요.","네, 그렇게 변경해드리겠습니다."
감사합니다.,"네, 조심히 오세요."
여보세요. 저 오늘 진료 시간 좀 바꾸려구요. 오후 1시쯤에 가면 될까요?,"네, 성함 알려주세요."
홍길동입니다. 오늘 오전 11시 예약이요.,"네, 예약 내역 확인되었습니다. 죄송하지만 저희 병원은 오후 1시부터 2시까지 점심 시간입니다. 2시 30분이나 3시 50분은 어떠실까요?"
"아, 그렇군요. 그럼 2시 30분으로 부탁드릴게요.","네, 그렇게 바꿔드리겠습니다."
"네, 고맙습니다.",네.
"안녕하세요, 경희내과죠? 오늘 진료 시간 변경하려구요. 혹시 오늘 저녁에 늦게라도 진료 볼 수 있는 시간이 있을까요?","네, 성함과 예약 시간 알려주세요."
"홍길동이고, 오늘 오전 11시 예약이었어요.","네, 예약 내역은 확인됩니다. 죄송하지만 오늘 저녁 진료는 이미 마감되었습니다. 혹시 내일 오전 10시나 오후 4시 20분은 어떠실까요?"
"아, 오늘이 안 되는군요. 그럼 내일 오전 10시로 부탁드릴게요.","네, 그렇게 변경해드리겠습니다."
"네, 감사합니다.","네, 조심히 오세요."
"여보세요. 제가 오늘 김철수 원장님 진료 예약이 있는데, 시간을 오후로 변경하고 싶어서요.","네, 성함과 예약 시간을 말씀해주시겠어요?"
홍길동입니다. 오늘 오전 11시 예약이요.,"네, 예약 내역은 확인됩니다. 죄송하지만 김철수 원장님께서는 오늘 오후에 외부 학회 일정이 있어 진료가 어렵습니다. 다른 원장님 진료를 받으시거나, 내일 오전 10시에는 김철수 원장님 진료가 가능합니다."
아... 그럼 그냥 오늘 다른 원장님께 진료 받을게요. 오후에 가능한 시간 있나요?,"네, 오후 2시 30분, 3시 50분, 5시 10분 진료가 가능합니다."
3시 50분으로 부탁드릴게요.,"네, 그렇게 변경해드리겠습니다."
"안녕하세요, 경희내과죠? 제가 오늘 진료 예약이 있는데 시간을 바꾸면서 검사도 같이 받고 싶어서요.","네, 어떤 검사이신지 여쭤봐도 될까요?"
홍길동입니다. 오늘 오전 11시 예약이고요. 혹시 빈혈 검사도 바로 가능한가요?,"네, 예약 내역은 확인됩니다. 빈혈 검사는 혈액 검사라 가능하지만, 오후 3시 이후에는 검사실이 마감될 수 있습니다. 2시 30분으로 오시거나, 내일 오전에 오시는 걸 추천드립니다."
"아, 그렇군요. 그럼 2시 30분으로 변경하고 검사도 같이 받을게요.","네, 그렇게 변경해드렸습니다."
"네, 고맙습니다.","네, 조심히 오세요."
"여보세요, 경희내과죠? 저 오늘 진료 볼건데, 그냥 바로 가면 되나요?","네, 성함이 어떻게 되실까요?"
"홍길동인데요. 오전 11시에 예약이 있긴 한데, 그냥 가서 진료보면 안 될까요?","네, 예약 내역은 확인됩니다. 저희 병원은 예약제로 운영되어 바로 오시면 대기가 많이 길어질 수 있습니다. 오후 3시 50분이나 5시 10분 예약은 가능하신데, 변경해드릴까요?"
"네, 그럼 3시 50분으로 바꿔주세요.","네, 그렇게 변경해드리겠습니다."
알겠습니다.,네.
"안녕하세요. 홍길동인데, 오늘이 7월 1일이잖아요. 쉬는 날 같은데, 진료를 볼 수 있나요?","네, 고객님. 오늘 오전 11시 내과 진료가 예약되어 있으십니다. 저희 병원은 정상 진료하는 날입니다. 혹시 진료 시간 변경을 원하시나요?"
"아, 그렇군요! 그럼 다행이네요. 근데 제가 오후에 가족 행사가 있어서요. 혹시 내일은 진료 가능한가요?","네, 내일 진료는 오전 10시, 오후 4시 20분 진료가 가능합니다."
그럼 내일 오전 10시로 바꿔주세요.,"네, 그렇게 변경해드리겠습니다."
감사합니다.,"네, 조심히 오세요."
"여보세요, 경희내과죠? 저랑 친구 김철수랑 오늘 예약이 있는데요. 저희 둘 다 오후에 한꺼번에 진료 받을 수 있을까요?","네, 성함과 예약 시간 알려주세요."
"저는 홍길동이고, 친구는 김철수입니다. 저희 둘 다 오늘 오전 11시 예약이었어요.","네, 예약 내역은 확인됩니다. 죄송하지만 같은 시간에 두 분이 동시에 진료를 보시기는 어렵습니다. 한 분이 먼저 진료를 보시고, 다른 한 분이 다음 진료 시간에 보시는 건 어떠실까요?"
"그럼 제 진료를 3시 50분으로 변경하고, 친구는 4시 20분으로 해주실 수 있나요?","네, 그렇게 도와드리겠습니다."
"네, 감사합니다.","네, 조심히 오세요."
"안녕하세요, 경희내과죠? 오늘 진료 시간 좀 변경하고 싶은데요. 혹시 오후에 가면 진료비가 달라지나요?","네, 오후 진료라고 해서 진료비가 달라지지는 않습니다. 성함과 예약 시간 알려주세요."
"홍길동이고요, 오늘 오전 11시 예약이었어요.","네, 예약 내역 확인되었습니다. 변경 원하시는 시간 말씀해주시겠어요?"
3시 50분으로 부탁드릴게요.,"네, 그렇게 변경해드리겠습니다."
"여보세요? 제가 오늘 진료를 받으러 가는데, 혹시 신분증 같은 거 꼭 챙겨가야 하나요? 시간 변경 때문에 전화드렸어요.","네, 어떤 문의이신지 성함과 예약 시간 알려주세요."
"홍길동인데, 오늘 오전 11시 예약이었어요.","네, 예약 내역 확인되었습니다. 초진이신 경우 신분증은 필수로 지참하셔야 합니다. 오후에 가능한 시간은 2시 30분, 3시 50분, 5시 10분입니다."
3시 50분으로 바꿔주세요.,"네, 그렇게 처리해드렸습니다."
"안녕하세요, 홍길동인데요, 오늘 오전 11시 예약이었어요. 시간 좀 바꾸고 싶은데 진료 끝나고 바로 처방전 받을 수 있나요? 오래 안 걸리죠?","네, 예약 내역 확인되었습니다. 진료 후 처방전은 바로 발급 가능하며, 오래 걸리지 않습니다. 변경 원하시는 시간을 말씀해주시겠어요?"
3시 50분으로 부탁드릴게요.,"네, 그렇게 변경해드리겠습니다."
안녕하세요. 오늘 예약이 있는데 시간 변경 좀 하려구요. 혹시 병원 내에 주차장은 있나요?,"네, 병원 건물 지하에 주차장이 있으며, 진료 시 무료 주차권을 드립니다. 성함과 예약 시간을 말씀해주세요."
"홍길동이고, 오늘 오전 11시 예약이었어요.","네, 예약 내역은 확인됩니다. 오후에 가능한 시간은 2시 30분, 3시 50분, 5시 10분입니다."
3시 50분으로 바꿔주세요.,"네, 그렇게 변경해드리겠습니다."
"여보세요? 제가 오늘 진료 시간 좀 변경하고 싶은데, 혹시 이번에 가면 독감주사도 같이 맞을 수 있을까요?","네, 독감 주사는 현재 접종 가능합니다. 성함과 예약 시간 알려주세요."
"홍길동인데, 오늘 오전 11시 예약이에요.","네, 예약 내역 확인되었습니다. 오후 2시 30분, 3시 50분, 5시 10분 중 편하신 시간 말씀해주시겠어요?"
"3시 50분으로 바꾸고, 독감주사도 맞겠다고 말씀 드릴게요.","네, 그렇게 처리해드리겠습니다."
"안녕하세요, 홍길동인데 오늘 오전 11시 예약이에요. 시간 좀 변경하려는데 진료 시간은 얼마나 걸릴까요?","네, 예약 내역 확인되었습니다. 진료는 보통 10~15분 정도 소요됩니다. 변경 원하시는 시간을 말씀해주시겠어요?"
3시 50분으로 부탁드릴게요.,"네, 그렇게 변경해드리겠습니다."
경희내과죠? 저 오늘 진료 시간 좀 바꾸고 싶은데요. 따로 준비해갈 게 있나요?,"네, 초진이신 경우 신분증을 챙겨주시면 됩니다. 성함과 예약 시간 알려주세요."
"홍길동이고, 오늘 오전 11시 예약이에요.","네, 예약 내역 확인되었습니다. 오후 2시 30분, 3시 50분, 5시 10분 중 변경 원하시는 시간 말씀해주세요."
3시 50분으로 바꿔주세요.,"네, 그렇게 변경해드리겠습니다."
안녕하세요. 제가 오늘 진료 예약이 있는데 시간 좀 바꿀게요. 혹시 오늘 가서 검사도 같이 할 수 있을까요?,"네, 성함과 예약 시간 알려주세요."
홍길동입니다. 오늘 오전 11시 예약이었어요.,"네, 예약 내역 확인되었습니다. 어떤 검사이신지 여쭤봐도 될까요?"
간단한 피검사 정도 생각하고 있어요. 그것도 오늘 같이 가능한가요?,"네, 가능합니다. 오후 2시 30분, 3시 50분, 5시 10분 진료가 가능합니다."
3시 50분으로 변경할게요.,"네, 그렇게 변경해드리겠습니다."
여보세요. 저 오늘 진료 시간 좀 바꾸고 싶은데요. 제가 따로 먹는 약이 있는데 가져가야 하나요?,"네, 드시는 약이 있으시면 정확한 진료를 위해 약 이름이 적힌 처방전이나 약을 가져와주시는 것이 좋습니다. 성함과 예약 시간 알려주세요."
"홍길동이고, 오늘 오전 11시 예약이에요.","네, 예약 내역 확인되었습니다. 오후 2시 30분, 3시 50분, 5시 10분 중 변경 원하시는 시간 말씀해주세요."
3시 50분으로 바꿔주세요.,"네, 그렇게 변경해드리겠습니다."
"안녕하세요, 홍길동인데 오늘 오전 11시 예약이에요. 시간 변경 좀 하려구요. 혹시 진료 끝나고 바로 회사에 제출할 서류도 받을 수 있을까요?","네, 예약 내역 확인되었습니다. 어떤 서류이신가요? 말씀해주시면 진료 후에 바로 준비해드릴 수 있습니다. 오후에 가능한 시간은 2시 30분, 3시 50분, 5시 10분입니다."
3시 50분으로 부탁드릴게요.,"네, 그렇게 변경해드리겠습니다."
안녕하세요. 오늘 진료 예약이 있는데... 혹시 진료비는 카드로 결제할 수 있나요?,"네, 카드 결제 가능합니다. 성함과 예약 시간 알려주세요."
홍길동입니다. 오늘 오전 11시 예약이었어요.,"네, 예약 내역 확인되었습니다. 오후 2시 30분, 3시 50분, 5시 10분 중 변경 원하시는 시간 말씀해주시겠어요?"
3시 50분으로 변경해주세요.,"네, 그렇게 변경해드리겠습니다."
여보세요. 오늘 예약 시간 좀 바꾸고 싶은데요. 마스크는 쓰고 가야 하나요?,"네, 마스크는 자율적으로 착용하시면 됩니다. 성함과 예약 시간 알려주세요."
"홍길동이고, 오늘 오전 11시 예약이에요.","네, 예약 내역 확인되었습니다. 오후 2시 30분, 3시 50분, 5시 10분 중 편하신 시간 말씀해주세요."
3시 50분으로 바꿔주세요.,"네, 그렇게 변경해드리겠습니다."
"안녕하세요, 홍길동인데 오늘 예약 시간 좀 변경하려구요. 혹시 진료 전에 금식해야 하나요?","네, 예약 내역 확인되었습니다. 따로 검사가 예정되어 있지 않으시다면 금식은 필요 없습니다. 오후에 가능한 시간은 2시 30분, 3시 50분, 5시 10분입니다."
3시 50분으로 부탁드릴게요.,"네, 그렇게 변경해드리겠습니다."
"여보세요, 경희내과죠? 오늘 진료 시간 좀 변경하고 싶은데요. 이번 진료 때 전에 받았던 검사 결과도 같이 확인할 수 있나요?","네, 지난 검사 결과는 시스템에 남아 있으니 진료 때 함께 확인 가능합니다. 성함과 예약 시간 알려주세요."
"홍길동이고, 오늘 오전 11시 예약이었어요.","네, 예약 내역 확인되었습니다. 오후 2시 30분, 3시 50분, 5시 10분 중 편하신 시간 말씀해주세요."
3시 50분으로 변경할게요.,"네, 그렇게 변경해드리겠습니다."
안녕하세요. 오늘 예약이 있는데 시간 좀 바꿀게요. 혹시 제 증상에 맞는 다른 검사도 추천해주시나요?,"네, 성함과 예약 시간 알려주세요."
홍길동입니다. 오늘 오전 11시 예약이었어요.,"네, 예약 내역 확인되었습니다. 진료 시에 의사 선생님과 상담 후 필요한 검사를 결정하시면 됩니다. 오후 2시 30분, 3시 50분, 5시 10분 진료가 가능합니다."
3시 50분으로 바꿔주세요.,"네, 그렇게 변경해드리겠습니다."
"여보세요, 홍길동인데 오늘 오전 11시 예약이에요. 시간 변경 좀 하려구요. 혹시 진료 끝나고 처방전 받으려면 얼마나 걸릴까요?","네, 예약 내역 확인되었습니다. 처방전은 보통 진료 직후에 바로 발급해드립니다. 변경 원하시는 시간 말씀해주세요."
3시 50분으로 부탁드릴게요.,"네, 그렇게 변경해드리겠습니다."
안녕하세요. 오늘 진료 시간 좀 바꿀게요. 혹시 진료 예약 확인 전화는 따로 안 주시는 건가요?,"네, 저희 병원은 별도의 확인 전화는 드리지 않습니다. 성함과 예약 시간 알려주세요."
"홍길동이고, 오늘 오전 11시 예약이에요.","네, 예약 내역 확인되었습니다. 오후 2시 30분, 3시 50분, 5시 10분 중 변경 원하시는 시간 말씀해주세요."
3시 50분으로 바꿔주세요.,"네, 그렇게 변경해드리겠습니다."
"여보세요? 제가 오늘 진료 시간 좀 변경하고 싶은데, 혹시 진료가 늦어지면 미리 알려주나요?","네, 진료가 늦어지거나 변동이 생길 경우 별도로 안내해드립니다. 성함과 예약 시간 알려주세요."
"홍길동이고, 오늘 오전 11시 예약입니다.","네, 예약 내역 확인되었습니다. 오후 2시 30분, 3시 50분, 5시 10분 중 편하신 시간 말씀해주세요."
3시 50분으로 변경할게요.,"네, 그렇게 변경해드리겠습니다."
안녕하세요. 오늘 예약이 있는데 시간 좀 바꿀게요. 혹시 보호자 동반 진료도 가능한가요?,"네,  보호자 동반 진료 가능합니다. 성함과 예약 시간 알려주세요."
홍길동입니다. 오늘 오전 11시 예약이었어요.,"네, 예약 내역 확인되었습니다.오후 2시 30분, 3시 50분, 5시 10분 진료가 가능합니다."
3시 50분으로 바꿔주세요.,"네, 그렇게 변경해드리겠습니다."
"여보세요, 홍길동인데 오늘 오전 11시 예약이에요. 시간 변경 좀 하려구요. 혹시 제가 방문해서 진료 접수할 때 따로 필요한 서류가 있나요?","네, 예약 내역 확인되었습니다. 신분증 외에 특별히 준비하실 서류는 없습니다. 오후에 가능한 시간은 2시 30분, 3시 50분, 5시 10분입니다."
3시 50분으로 부탁드릴게요.,"네, 그렇게 변경해드리겠습니다."
안녕하세요. 오늘 진료 예약이 있는데... 혹시 주차는 몇 시간까지 무료인가요?,"네, 진료 시 최대 2시간까지 무료 주차 가능합니다. 성함과 예약 시간 알려주세요."
홍길동입니다. 오늘 오전 11시 예약이었어요.,"네, 예약 내역 확인되었습니다. 오후 2시 30분, 3시 50분, 5시 10분 중 변경 원하시는 시간 말씀해주시겠어요?"
3시 50분으로 변경해주세요.,"네, 그렇게 변경해드리겠습니다."
여보세요. 오늘 진료 시간 좀 바꿀게요. 혹시 다른 병원에서 받은 진단서 같은 것도 가져가야 하나요?,"네, 이전에 진료 받으셨던 내용이 있으시면 가져와주시는 것이 좋습니다. 성함과 예약 시간 알려주세요."
"홍길동이고, 오늘 오전 11시 예약이에요.","네, 예약 내역 확인되었습니다. 오후 2시 30분, 3시 50분, 5시 10분 중 편하신 시간 말씀해주세요."
3시 50분으로 바꿔주세요.,"네, 그렇게 변경해드리겠습니다."
"안녕하세요, 홍길동인데 오늘 오전 11시 예약이에요. 시간 변경 좀 하려구요. 혹시 진료 끝나고 다음 예약도 바로 잡을 수 있을까요?","네, 예약 내역 확인되었습니다. 진료 후에 접수 데스크에서 다음 예약을 도와드리고 있습니다. 오후에 가능한 시간은 2시 30분, 3시 50분, 5시 10분입니다."
3시 50분으로 부탁드릴게요.,"네, 그렇게 변경해드리겠습니다."
여보세요. 오늘 진료 시간 좀 바꿀게요. 혹시 초진이라 진료비가 더 많이 나오나요?,"네, 초진과 재진에 따라 진료비는 일부 차이가 있을 수 있습니다. 성함과 예약 시간 알려주세요."
홍길동입니다. 오늘 오전 11시 예약이었어요.,"네, 예약 내역 확인되었습니다. 오후 2시 30분, 3시 50분, 5시 10분 진료가 가능합니다."
3시 50분으로 바꿔주세요.,"네, 그렇게 변경해드리겠습니다."
"안녕하세요, 홍길동인데 오늘 오전 11시 예약이에요. 시간 변경 좀 하려구요. 혹시 진료 끝나고 약 처방까지 받으려면 총 얼마나 걸릴까요?","네, 예약 내역 확인되었습니다. 진료와 처방전 발급까지는 15분 정도 소요되며, 이후 약국에서 별도로 소요됩니다. 오후에 가능한 시간은 2시 30분, 3시 50분, 5시 10분입니다."
3시 50분으로 부탁드릴게요.,"네, 그렇게 변경해드리겠습니다."
여보세요. 오늘 진료 시간 좀 바꿀게요. 혹시 진료 후에 의사 선생님과 통화할 일이 생기면 가능한가요?,진료 후에는 담당 의사와 직접 통화는 어렵습니다. 문의사항은 병원으로 연락주시면 전달해드리겠습니다.  성함과 예약 시간 알려주세요.
"홍길동이고, 오늘 오전 11시 예약이에요.","네, 예약 내역 확인되었습니다. 오후 2시 30분, 3시 50분, 5시 10분 중 편하신 시간 말씀해주세요."
3시 50분으로 바꿔주세요.,"네, 그렇게 변경해드리겠습니다."
"안녕하세요, 홍길동인데 오늘 오전 11시 예약이에요. 시간 변경 좀 하려구요. 혹시 병원 화장실은 어디에 있나요?","네, 예약 내역 확인되었습니다. 화장실은 진료실 옆에 있습니다. 오후에 가능한 시간은 2시 30분, 3시 50분, 5시 10분입니다."
3시 50분으로 부탁드릴게요.,"네, 그렇게 변경해드리겠습니다."
여보세요. 오늘 진료 시간 좀 바꿀게요. 혹시 의사 선생님이 안 계시면 어쩌죠?,"네, 오늘 진료는 정상적으로 가능합니다. 성함과 예약 시간 알려주세요."
홍길동입니다. 오늘 오전 11시 예약이었어요.,"네, 예약 내역 확인되었습니다. 오후 2시 30분, 3시 50분, 5시 10분 진료가 가능합니다."
3시 50분으로 바꿔주세요.,"네, 그렇게 변경해드리겠습니다."
"안녕하세요, 홍길동인데 오늘 오전 11시 예약이에요. 시간 변경 좀 하려구요. 혹시 예약했는데 진료 시간이 밀리기도 하나요?","네, 예약 내역 확인되었습니다. 부득이하게 진료가 지연되는 경우도 있습니다만, 최대한 정시에 진료할 수 있도록 노력하고 있습니다. 오후에 가능한 시간은 2시 30분, 3시 50분, 5시 10분입니다."
3시 50분으로 부탁드릴게요.,"네, 그렇게 변경해드리겠습니다."
여보세요. 오늘 진료 시간 좀 바꿀게요. 혹시 병원 내에서 식사할 수 있는 곳이 있나요?,"네, 병원 내에 식사 공간은 따로 마련되어 있지 않습니다. 성함과 예약 시간 알려주세요."
홍길동입니다. 오늘 오전 11시 예약이었어요.,"네, 예약 내역 확인되었습니다. 오후 2시 30분, 3시 50분, 5시 10분 진료가 가능합니다."
3시 50분으로 바꿔주세요.,"네, 그렇게 변경해드리겠습니다."
"안녕하세요, 홍길동인데 오늘 오전 11시 예약이에요. 시간 변경 좀 하려구요. 혹시 이번에 가면 전에 받았던 검사 결과지도 받을 수 있을까요?","네, 예약 내역 확인되었습니다. 필요하시면 내원 시에 요청하시면 출력해드릴 수 있습니다. 오후에 가능한 시간은 2시 30분, 3시 50분, 5시 10분입니다."
3시 50분으로 부탁드릴게요.,"네, 그렇게 변경해드리겠습니다."
여보세요... 저... 예약 시간 좀 바꿔야 하는데... 전화하기가 너무 힘들어서요...,"네, 고객님. 괜찮습니다. 천천히 말씀해주세요. 어떤 문의이실까요?"
아... 네... 제가 홍길동인데... 오늘 오전 11시에 예약이 있었어요. 근데 갑자기 좀 일이 생겨서요. 혹시 바꿔도 괜찮을까요? 제가 폐를 끼치는 건 아닌지...,괜찮습니다. 염려 마세요. 진료 시간 변경은 자주 있는 일입니다. 변경을 원하시는 시간 말씀해주시면 도와드릴게요.
정말요...? 그럼... 혹시 오후에 언제 가능해요?,오후에는 2시에서 4시 사이로 진료가 가능합니다.
네... 그럼 3시 20분으로 부탁드릴게요... 감사합니다...,"네, 그렇게 변경해드렸습니다."
안녕하세요. 홍길동인데... 오늘 오전 11시 예약이었어요. 사실 전화하기 전에 여러 번 고민했거든요. 혹시라도 제가 불편하게 해드리는 건가 해서요.,전혀 그렇지 않습니다. 전화 주셔서 감사합니다. 어떤 문의이실까요?
아... 네... 그... 진료 시간 좀 변경하고 싶은데요... 너무 급하게 전화드려서 죄송해요.,"괜찮습니다. 미리 연락 주셔서 감사합니다. 오후에 가능한 시간은 2시 30분, 3시 50분, 5시 10분입니다."
3시 50분으로 바꿔주세요... 고맙습니다.,"네, 그렇게 처리해드렸습니다."
여보세요? 경희내과 맞나요? 전에 전화했을 때 연결이 너무 어려워서 힘들었거든요. 이번에도 혹시 오래 기다려야 하나요?,"네, 경희내과입니다. 불편을 드려 죄송합니다. 지금은 바로 연결되셨으니, 어떤 문의이신지 말씀해주시면 바로 도와드릴게요."
아... 네... 홍길동인데... 오늘 오전 11시 예약이었어요. 시간 좀 바꿔야 해서요. 오후에 바로 갈 수 있는 시간 있을까요?,"네, 예약 내역은 확인됩니다. 오후 1시, 2시, 5시 30분 진료가 가능합니다."
3시 50분으로 바꿔주세요.,"네, 그렇게 변경해드리겠습니다."
"안녕하세요. 홍길동인데, 오늘 오전 11시 예약이었어요. 사실 제가 말을 잘 못 해서... 혹시 전화로 뭘 물어보는 게 너무 이상하게 들릴까요?",전혀 이상하지 않습니다. 편하게 말씀해주세요. 어떤 문의이신가요?
"아... 네... 진료 시간 좀 변경하고 싶은데, 오후에 혹시 언제 가능한지 알려주실 수 있으신가요?","네, 오후에는 2시, 3시 30분 진료가 가능합니다."
3시 30분으로 부탁드릴게요.,"네, 그렇게 처리해드렸습니다."
여보세요? 홍길동입니다. 오늘 오전 11시 예약이었어요. 제가 예약 시간을 여러 번 변경해서요... 혹시 의사 선생님께 혼나는 건 아니겠죠...?,전혀 그렇지 않습니다. 염려 마세요. 예약 변경은 언제든 가능합니다. 오후에 가능한 시간을 알려드릴까요?
아... 네... 그럼 오후에 언제 가능해요?,"오후 1시, 3시 진료가 가능합니다."
네... 3시로 변경해주세요.,"네, 그렇게 변경해드렸습니다."
"안녕하세요. 홍길동인데요, 오늘 오전 11시 예약이었어요. 지금 전화받으시는 분... 혹시 짜증나신 건 아니죠...? 제가 갑자기 전화해서요.",아닙니다. 괜찮습니다. 어떤 문의이실까요?
아... 다행이다... 그... 진료 시간 변경하고 싶은데요. 혹시 오늘 오후에 빈 시간 있나요?,"네, 오후에는 2시 30분, 3시 50분, 5시 10분 진료가 가능합니다."
3시 50분으로 부탁드릴게요.,"네, 그렇게 처리해드렸습니다."
여보세요. 홍길동입니다. 오늘 오전 11시 예약이요. 제가 길을 잘 몰라서... 혹시 오후로 바꾸면 병원 찾아오는 게 더 어려울까요?,"네, 예약 내역은 확인됩니다. 오후 진료라고 해서 오시는 길이 달라지지는 않습니다. 오후 2시 30분, 3시 50분, 5시 10분 중 편하신 시간 말씀해주세요."
3시 50분으로 바꿔주세요.,"네, 그렇게 변경해드리겠습니다."
안녕하세요. 홍길동인데... 오늘 오전 11시 예약이었어요. 제가 좀 늦었는데... 그래도 혹시 변경이 될까요...?,"네, 예약 내역 확인되었습니다. 괜찮습니다. 오후에 가능한 시간은 1시, 2시 30분입니다."
아... 다행이다... 그럼 1시로 변경해주실 수 있을까요?,"네, 그렇게 처리해드리겠습니다."
여보세요? 홍길동인데요. 오늘 오전 11시 예약이었어요. 저... 몸이 좀 안 좋아서요. 혹시 오후로 바꾸면 진료비가 더 나오나요? 제가 돈이 별로 없어서요.,"네, 예약 내역 확인되었습니다. 오후 진료라고 해서 진료비가 달라지지는 않습니다. 오후 1시, 2시 30분 진료가 가능합니다."
1시로 바꿔주세요.,"네, 그렇게 변경해드리겠습니다."
안녕하세요. 홍길동인데... 오늘 오전 11시 예약이었어요. 제가 너무 불안해서요... 전화도 잘 못 하겠고... 그냥 다 취소할까요?,"괜찮습니다. 전화 주셔서 감사합니다. 취소하시기 전에 오후 시간으로 변경하시는 건 어떠실까요? 오후2시, 2시 30분진료가 가능합니다."
그럼... 오후 2시로 변경해주세요.,"네, 그렇게 처리해드렸습니다."
여보세요. 홍길동인데... 오늘 오전 11시 예약이었어요. 전에 다른 병원에 전화했을 때 너무 불친절해서요... 여기도 그런가요...?,"아니요, 저희 병원은 환자분들의 편의를 최우선으로 생각합니다. 어떤 문의이실까요?"
그... 진료 시간 좀 변경하고 싶은데요. 오후에 가능한 시간 알려주실 수 있을까요?,"네, 오후에는 2시 30분, 3시 50분, 5시 10분 진료가 가능합니다."
3시 50분으로 부탁드릴게요.,"네, 그렇게 변경해드리겠습니다."
안녕하세요. 홍길동인데요. 오늘 오전 11시 예약이었어요. 제가 너무 자주 바꿔서... 혹시 의사 선생님께 따로 말씀해놓으실 수 있나요...?,"네, 예약 내역 확인되었습니다. 진료 시간 변경으로 인해 따로 의사 선생님께 보고되는 내용은 없습니다. 오후 2시 30분, 3시 50분, 5시 10분 중 편하신 시간 말씀해주세요."
3시 50분으로 바꿔주세요.,"네, 그렇게 변경해드리겠습니다."
여보세요... 홍길동인데... 오늘 오전 11시 예약이요. 제가 너무 급하게 전화해서... 죄송해요...,괜찮습니다. 무슨 일 있으신가요?
"아... 네... 시간 변경하고 싶은데, 오후에 가능한 시간 알려주세요.","네, 오후에는 2시 30분, 3시 50분, 5시 10분 진료가 가능합니다."
3시 50분으로 부탁드릴게요.,"네, 그렇게 변경해드렸습니다."
"안녕하세요. 홍길동인데요, 오늘 오전 11시 예약이었어요. 혹시 제가 병원에 늦게 도착하면... 진료 못 받나요?","네, 예약 내역 확인되었습니다. 조금 늦으셔도 진료는 가능합니다만, 다음 예약 환자분들을 위해 최대한 맞춰 와주시면 감사하겠습니다. 오후 2시 30분, 3시 50분, 5시 10분 중 편하신 시간으로 변경해드릴까요?"
3시 50분으로 바꿔주세요.,"네, 그렇게 변경해드리겠습니다."
여보세요? 홍길동입니다. 오늘 오전 11시 예약이요. 제가 지금 몸이 안 좋아서 말하기가 힘든데... 시간 좀 바꿔주세요.,"네, 알겠습니다. 불편하시겠지만 오후 시간으로 변경을 도와드릴게요. 오후 2시 30분, 3시 50분, 5시 10분 중 편하신 시간 말씀해주세요."
3시 50분으로요...,"네, 그렇게 변경해드렸습니다."
"안녕하세요. 홍길동인데요, 오늘 오전 11시 예약이었어요. 혹시 제가 오늘 못 가게 되면... 그냥 취소하면 되나요...?","네, 예약 내역 확인되었습니다. 오늘 방문이 어려우시면 다시 연락 주셔서 취소해주시면 됩니다. 혹은 오후 시간으로 변경하시는 것도 가능합니다. 오후 2시 30분, 3시 50분, 5시 10분 중 편하신 시간 말씀해주시겠어요?"
3시 50분으로 바꿔주세요.,"네, 그렇게 변경해드리겠습니다."
여보세요. 홍길동입니다. 오늘 오전 11시 예약이요. 제가 원래 전화 잘 못 하는데... 오늘 진료 꼭 봐야 해서...,"네, 괜찮습니다. 용기 내어 전화 주셔서 감사합니다. 어떤 문의이실까요?"
그... 시간 좀 바꿔야 해서요. 오후에 가능한 시간 알려주세요.,"네, 오후 2시 30분, 3시 50분, 5시 10분 진료가 가능합니다."
3시 50분으로 바꿔주세요.,"네, 그렇게 변경해드리겠습니다."
"안녕하세요. 홍길동인데요, 오늘 오전 11시 예약이었어요. 제가 혹시 너무 일찍 가면... 대기해야 하나요?","네, 예약 내역 확인되었습니다. 예약된 시간보다 너무 일찍 오시면 대기가 길어질 수 있습니다. 오후 2시 30분, 3시 50분, 5시 10분 중 편하신 시간으로 변경해드릴까요?"
3시 50분으로 바꿔주세요.,"네, 그렇게 변경해드리겠습니다."
여보세요. 홍길동입니다. 오늘 오전 11시 예약이요. 혹시 전화로 뭐 잘못 말한 거 없겠죠...?,아닙니다. 정확하게 말씀해주셨습니다. 어떤 문의이실까요?
그... 진료 시간 변경하려는데... 오후에 가능한 시간 알려주세요.,"네, 오후 2시 30분, 3시 50분, 5시 10분 진료가 가능합니다."
3시 50분으로 바꿔주세요.,"네, 그렇게 변경해드리겠습니다."
안녕하세요. 홍길동인데... 오늘 오전 11시 예약이었어요. 제가 혹시 다른 병원으로 착각하고 전화한 건 아니겠죠?,"네, 예약 내역 확인되었습니다. 경희내과로 정확하게 전화 주셨습니다. 오후에 가능한 시간은 2시 30분, 3시 50분, 5시 10분입니다."
3시 50분으로 변경해주세요.,"네, 그렇게 변경해드리겠습니다."
여보세요. 홍길동입니다. 오늘 오전 11시 예약이요. 제가 너무 자주 바꿔서... 병원에서 저 싫어하는 건 아니겠죠?,전혀 그렇지 않습니다. 염려 마세요. 어떤 문의이신가요?
그... 진료 시간 변경하려고요. 오후에 언제 가능해요?,"네, 오후 2시 30분, 3시 50분, 5시 10분 진료가 가능합니다."
3시 50분으로 바꿔주세요.,"네, 그렇게 변경해드리겠습니다."
안녕하세요. 홍길동인데... 오늘 오전 11시 예약이었어요. 제가 혹시... 전화로 다른 사람 이름으로 예약한 건 아니겠죠...?,"네, 예약 내역은 홍길동님으로 정확하게 확인됩니다. 오후에 가능한 시간은 2시 30분, 3시 50분, 5시 10분입니다."
3시 50분으로 변경해주세요.,"네, 그렇게 변경해드리겠습니다."
여보세요. 홍길동입니다. 오늘 오전 11시 예약이요. 혹시 제가 병원에 가면... 사람들이 저만 쳐다볼까요...?,"네, 예약 내역 확인되었습니다. 전혀 그렇지 않습니다. 어떤 문의이실까요?"
그... 진료 시간 변경하려고요. 오후에 가능한 시간 알려주세요.,"네, 오후 2시 30분, 3시 50분, 5시 10분 진료가 가능합니다."
3시 50분으로 바꿔주세요.,"네, 그렇게 변경해드리겠습니다."
안녕하세요. 홍길동인데... 오늘 오전 11시 예약이었어요. 제가 너무 긴장해서요. 혹시 말할 때 버벅여도 괜찮을까요...?,"네, 괜찮습니다. 천천히 말씀해주세요. 어떤 문의이실까요?"
그... 시간 좀 바꾸려구요. 오후에 가능한 시간 알려주세요.,"네, 오후 2시 30분, 3시 50분, 5시 10분 진료가 가능합니다."
3시 50분으로 부탁드릴게요.,"네, 그렇게 변경해드리겠습니다."
여보세요. 홍길동입니다. 오늘 오전 11시 예약이요. 혹시 제가 말을 너무 많이 해서... 귀찮으신가요...?,아닙니다. 괜찮습니다. 어떤 문의이실까요?
그... 진료 시간 변경하려고요. 오후에 가능한 시간 알려주세요.,"네, 오후 2시 30분, 3시 50분, 5시 10분 진료가 가능합니다."
3시 50분으로 바꿔주세요.,"네, 그렇게 변경해드리겠습니다."
안녕하세요. 홍길동인데... 오늘 오전 11시 예약이었어요. 제가 혹시 너무 늦게 전화한 건 아니겠죠?,"네, 예약 내역 확인되었습니다. 괜찮습니다. 오후에 가능한 시간은 2시 30분, 3시 50분, 5시 10분입니다."
3시 50분으로 변경해주세요.,"네, 그렇게 변경해드리겠습니다."
여보세요. 홍길동입니다. 오늘 오전 11시 예약이요. 혹시 제가... 좀 많이 아파 보이는데... 진료는 바로 볼 수 있겠죠?,"네, 예약 내역 확인되었습니다. 오후에 가능한 시간으로 변경해드리겠습니다. 오후 2시 30분, 3시 50분, 5시 10분 중 편하신 시간 말씀해주세요."
3시 50분으로 바꿔주세요.,"네, 그렇게 변경해드리겠습니다."
안녕하세요. 홍길동인데... 오늘 오전 11시 예약이었어요. 혹시 제가 전화 걸 때... 잘못 눌러서 이상한 번호로 전화한 건 아니겠죠...?,"네, 예약 내역 확인되었습니다. 경희내과로 정확하게 전화 주셨습니다. 오후에 가능한 시간은 2시 30분, 3시 50분, 5시 10분입니다."
3시 50분으로 변경해주세요.,"네, 그렇게 변경해드리겠습니다."
여보세요. 홍길동입니다. 오늘 오전 11시 예약이요. 제가 오늘 진료를 못 받으면... 혹시 더 심해지지는 않을까요...?,"네, 예약 내역 확인되었습니다. 증상이 있으시면 오늘 진료 보시는 것을 추천드립니다. 오후에 가능한 시간은 2시 30분, 3시 50분, 5시 10분입니다."
3시 50분으로 바꿔주세요.,"네, 그렇게 변경해드리겠습니다."
"안녕하세요, 경희내과죠? 저 오늘 진료 시간 좀 변경하고 싶어서요. 오후에 가능한 시간대가 있을까요?","네, 성함과 예약 시간 알려주세요."
"홍길동이고, 오늘 오전 11시 예약이었어요.","네, 예약 내역은 확인됩니다. 오후 2시 30분, 3시, 3시 30분 진료가 가능합니다."
3시 30분으로 바꿔주세요.,"네, 그렇게 변경해드리겠습니다."
여보세요? 제가 오늘 진료를 못 가게 돼서요. 혹시 늦은 오후에 빈 시간 있나요?,"네, 성함과 예약 시간 알려주세요."
"홍길동이고, 오늘 오전 11시 예약이에요.","네, 예약 내역은 확인됩니다. 오후 4시, 4시 30분, 5시 30분 진료가 가능합니다."
5시 30분으로 바꿔주세요.,"네, 그렇게 변경해드리겠습니다."
안녕하세요. 홍길동인데 오늘 오전 11시 예약이었어요. 오후에 혹시 2시쯤에 가능한가요?,"네, 예약 내역 확인되었습니다. 죄송하지만 2시는 마감되었습니다. 오후 2시 30분, 3시 30분 진료가 가능합니다."
2시 30분으로 변경할게요.,"네, 그렇게 변경해드리겠습니다."
경희내과죠? 저 오늘 진료 시간 좀 변경하려구요. 오후 3시쯤으로 바꾸고 싶은데요.,"네, 성함과 예약 시간 알려주세요."
"홍길동이고, 오늘 오전 11시 예약이요.","네, 예약 내역 확인됩니다. 죄송하지만 3시는 마감되었습니다. 오후 3시 30분, 4시, 4시 30분 진료가 가능합니다."
4시로 바꿔주세요.,"네, 그렇게 변경해드리겠습니다."
"여보세요. 홍길동인데요, 오늘 오전 11시 예약이었어요. 지금 바로 갈 수 있나요?","네, 예약 내역은 확인됩니다. 지금은 대기 시간이 깁니다. 오후 1시 30분, 2시 30분, 4시 30분 진료는 가능합니다."
4시 30분으로 변경할게요.,"네, 그렇게 변경해드리겠습니다."
"안녕하세요. 홍길동인데 오늘 오전 11시 예약이었어요. 갑자기 급한 일이 생겨서요, 혹시 오늘 오후에 5시 이후로도 가능한가요?","네, 예약 내역 확인됩니다. 오후 5시 30분 진료가 가능합니다."
그럼 5시 30분으로 바꿔주세요.,"네, 그렇게 변경해드리겠습니다."
"안녕하세요. 홍길동인데 오늘 오전 11시 예약이에요. 오늘 오후에 빈 시간 있으면 아무 때나 괜찮은데, 있나요?","네, 예약 내역은 확인됩니다. 오후 2시, 3시, 4시, 5시 진료가 가능합니다."
3시로 바꿔주세요.,"네, 그렇게 변경해드리겠습니다."
여보세요? 제가 오늘 진료를 못 가서요. 혹시 오늘 오후에 딱 한 시간만 가능하다고 하면 몇 시인가요?,"네, 성함과 예약 시간 알려주세요."
"홍길동이고, 오늘 오전 11시 예약이었어요.","네, 예약 내역 확인됩니다. 오늘 오후에는 4시 진료가 유일하게 가능합니다."
그럼 4시로 바꿔주세요.,"네, 그렇게 변경해드리겠습니다."
안녕하세요. 홍길동인데요. 오늘 오전 11시 예약이었어요. 오후에 진료 볼 시간이 있긴 할까요?,"네, 예약 내역은 확인됩니다. 오후 3시, 3시 30분, 4시 진료가 가능합니다."
3시 30분으로 바꿔주세요.,"네, 그렇게 변경해드리겠습니다."
안녕하세요. 홍길동입니다. 오늘 오전 11시 예약이었어요. 오후 1시쯤에 가도 되나요?,"네, 예약 내역 확인됩니다. 죄송하지만 1시 30분부터 진료가 시작됩니다. 오후 1시 30분, 2시, 3시 30분 진료가 가능합니다."
1시 30분으로 변경할게요.,"네, 그렇게 변경해드리겠습니다."
"여보세요. 홍길동인데요. 오늘 오전 11시 예약인데, 오후 4시에서 5시 사이에 가능한가요?","네, 예약 내역 확인됩니다. 오후 4시 30분 진료가 가능합니다."
그럼 4시 30분으로 변경해주세요.,"네, 그렇게 변경해드리겠습니다."
안녕하세요. 홍길동인데 오늘 오전 11시 예약이에요. 오후에 늦게라도 진료를 받을 수 있을까요?,"네, 예약 내역은 확인됩니다. 오후 5시 진료가 가능합니다."
5시로 바꿔주세요.,"네, 그렇게 변경해드리겠습니다."
여보세요. 홍길동인데요. 오늘 오전 11시 예약이었어요. 오후에 가장 빠른 시간으로 부탁드릴게요.,"네, 예약 내역 확인됩니다. 오후 1시 30분 진료가 가능합니다."
1시 30분으로 변경해주세요.,"네, 그렇게 변경해드리겠습니다."
"안녕하세요. 홍길동인데 오늘 오전 11시 예약이었어요. 오후에 갈 수 있는 시간이 3시 반밖에 없는데, 그때 가능할까요?","네, 예약 내역 확인됩니다. 오후 3시 30분 진료 가능합니다."
"네, 그럼 3시 30분으로 바꿔주세요.","네, 그렇게 변경해드리겠습니다."
"여보세요? 제가 오늘 진료 시간 좀 바꾸려구요. 오후 2시 반이나 3시 반 둘 중에 하나만 있으면 되는데, 있나요?","네, 성함과 예약 시간 알려주세요."
"홍길동이고, 오늘 오전 11시 예약이었어요.","네, 예약 내역 확인됩니다. 오후 2시 30분, 3시 30분 모두 가능합니다."
그럼 2시 30분으로 변경할게요.,"네, 그렇게 변경해드리겠습니다."
안녕하세요. 홍길동인데요. 오늘 오전 11시 예약이었어요. 오후에 진료 볼 수 있는 시간이 있긴 할까요?,"네, 예약 내역은 확인됩니다. 오후 1시 30분, 2시, 2시 30분 진료가 가능합니다."
2시로 바꿔주세요.,"네, 그렇게 변경해드리겠습니다."
여보세요. 홍길동인데요. 오늘 오전 11시 예약이었어요. 오후에 4시 반으로 바꾸고 싶어요.,"네, 예약 내역 확인됩니다. 오후 4시 30분 진료 가능합니다."
그럼 4시 30분으로 변경해주세요.,"네, 그렇게 변경해드리겠습니다."
안녕하세요. 홍길동인데 오늘 오전 11시 예약이에요. 오후 1시에서 3시 사이에 빈 시간 있나요?,"네, 예약 내역은 확인됩니다. 오후 1시 30분, 2시, 2시 30분 진료가 가능합니다."
2시로 바꿔주세요.,"네, 그렇게 변경해드리겠습니다."
여보세요? 제가 오늘 진료를 못 가서요. 오후에 늦게라도 진료를 볼 수 있을까요?,"네, 성함과 예약 시간 알려주세요."
"홍길동이고, 오늘 오전 11시 예약이었어요.","네, 예약 내역 확인됩니다. 오후 5시, 5시 30분 진료가 가능합니다."
5시 30분으로 바꿔주세요.,"네, 그렇게 변경해드리겠습니다."
안녕하세요. 홍길동인데 오늘 오전 11시 예약이었어요. 오후 3시쯤으로 바꾸고 싶어요.,"네, 예약 내역 확인됩니다. 오후 3시, 3시 30분 진료가 가능합니다."
3시 30분으로 변경할게요.,"네, 그렇게 변경해드리겠습니다."
"여보세요. 홍길동인데요, 오늘 오전 11시 예약이었어요. 오후에 제일 한가한 시간은 언제인가요?","네, 예약 내역은 확인됩니다. 오후 4시 30분이나 5시 30분은 비교적 한가한 편입니다."
4시 30분으로 바꿔주세요.,"네, 그렇게 변경해드리겠습니다."
안녕하세요. 홍길동인데 오늘 오전 11시 예약이었어요. 오후에 2시 반이나 4시 반쯤 가능한가요?,"네, 예약 내역 확인됩니다. 오후 2시 30분, 4시 30분 모두 가능합니다."
2시 30분으로 바꿔주세요.,"네, 그렇게 변경해드리겠습니다."
"여보세요. 홍길동인데요, 오늘 오전 11시 예약이었어요. 오후에 가능한 시간대 좀 알려주세요.","네, 예약 내역은 확인됩니다. 오후 2시, 3시, 4시 30분, 5시 30분 진료가 가능합니다."
3시로 변경할게요.,"네, 그렇게 변경해드리겠습니다."
안녕하세요. 홍길동인데 오늘 오전 11시 예약이었어요. 오후에 3시쯤으로 바꾸고 싶어요.,"네, 예약 내역 확인됩니다. 오후 3시 진료 가능합니다."
"네, 그럼 3시로 바꿔주세요.","네, 그렇게 변경해드리겠습니다."
"여보세요. 홍길동인데, 오늘 오전 11시 예약이었어요. 오후에 4시나 5시쯤 가능한가요?","네, 예약 내역 확인됩니다. 오후 4시, 5시 진료 모두 가능합니다."
4시로 변경할게요.,"네, 그렇게 변경해드리겠습니다."
안녕하세요. 홍길동인데 오늘 오전 11시 예약이었어요. 오후에 2시 30분이나 4시 30분쯤 가능한가요?,"네, 예약 내역 확인됩니다. 오후 2시 30분, 4시 30분 모두 가능합니다."
4시 30분으로 바꿔주세요.,"네, 그렇게 변경해드리겠습니다."
"여보세요. 홍길동인데요, 오늘 오전 11시 예약이었어요. 오후 3시에서 5시 사이에 가능한가요?","네, 예약 내역은 확인됩니다. 오후 3시, 3시 30분, 4시 30분 진료가 가능합니다."
3시로 변경할게요.,"네, 그렇게 변경해드리겠습니다."
안녕하세요. 홍길동인데 오늘 오전 11시 예약이었어요. 오후에 2시쯤으로 바꾸고 싶은데 가능할까요?,"네, 예약 내역 확인됩니다. 오후 2시 진료 가능합니다."
"네, 그럼 2시로 바꿔주세요.","네, 그렇게 변경해드리겠습니다."
"여보세요. 홍길동인데요, 오늘 오전 11시 예약이었어요. 오후에 가장 늦은 시간으로 부탁드릴게요.","네, 예약 내역은 확인됩니다. 오후 5시 30분 진료가 가능합니다."
5시 30분으로 변경해주세요.,"네, 그렇게 변경해드리겠습니다."
안녕하세요. 홍길동인데 오늘 오전 11시 예약이었어요. 오후 1시 반이나 4시쯤 가능한가요?,"네, 예약 내역 확인됩니다. 오후 1시 30분, 4시 모두 가능합니다."
4시로 바꿔주세요.,"네, 그렇게 변경해드리겠습니다."
"여보세요. 홍길동인데요, 오늘 오전 11시 예약이었어요. 오후에 2시, 3시, 4시 중에 가능한 시간 있나요?","네, 예약 내역은 확인됩니다. 오후 2시, 3시, 4시 모두 가능합니다."
2시로 변경할게요.,"네, 그렇게 변경해드리겠습니다."
안녕하세요. 홍길동인데 오늘 오전 11시 예약이었어요. 오후에 3시 30분쯤으로 바꾸고 싶은데요.,"네, 예약 내역 확인됩니다. 오후 3시 30분 진료 가능합니다."
"네, 그럼 3시 30분으로 바꿔주세요.","네, 그렇게 변경해드리겠습니다."
"여보세요. 홍길동인데요, 오늘 오전 11시 예약이었어요. 오후에 4시 반으로 바꾸고 싶어요.","네, 예약 내역 확인됩니다. 오후 4시 30분 진료 가능합니다."
"네, 그럼 4시 30분으로 바꿔주세요.","네, 그렇게 변경해드리겠습니다."
"안녕하세요, 저... 진료 좀 바꾸려구요.","네, 고객님. 예약 내역 확인을 위해 성함과 예약 시간을 말씀해주시겠어요?"
"아, 네네. 홍길동인데... 오늘이었던 것 같은데, 정확히 몇 시였는지 기억이 안 나네요.","네, 고객님. 오늘 날짜로 예약이 있으신지 한번 찾아봐드릴게요. 혹시 내과 진료가 맞으실까요?"
"네, 맞아요.","네, 확인해드리겠습니다. 오늘 오전 11시 내과 진료로 예약되어 있으십니다. 변경을 원하시나요?"
"네, 바꿔주세요. 혹시 오후에 가능한 시간 있나요?","네, 오후에는 2시 30분, 3시 50분, 5시 10분 진료가 가능합니다."
3시 50분으로 부탁드릴게요.,"네, 그렇게 변경해드렸습니다."
"여보세요. 제가 오늘 병원 예약을 해놨는데, 다른 날로 바꿀 수 있나요?","네, 성함과 어떤 날짜의 예약인지 알려주시겠어요?"
홍길동인데... 날짜는 잘 모르겠어요. 그냥 오늘 진료를 못 보게 될 것 같아서요.,"네, 고객님. 확인 도와드릴게요. 오늘 진료로 예약되어 있으신가요?"
"네, 오늘이었던 것 같아요.","네, 오늘 날짜로 홍길동님 예약은 확인되었습니다. 혹시 언제쯤으로 변경을 원하시나요?"
음... 다음주 같은데... 다음주에 혹시 가능한 날짜 있을까요?,"네, 다음주에도 가능한 날짜가 있습니다. 몇 시쯤을 원하시는지 말씀해주시겠어요?"
화요일 오후 4시로 할게요.,"네, 그렇게 변경해드렸습니다."
안녕하세요. 홍길동인데요. 제가 어제 전화해서 예약 잡은 것 같은데... 혹시 시간 변경 가능할까요?,"네, 고객님. 어제 예약하신 내역 확인해드릴게요. 혹시 어떤 진료이신가요?"
내과 진료였던 것 같은데... 오늘 진료가 맞나요?,"네, 확인해드리겠습니다. 오늘 오전 11시 내과 진료로 예약되어 있으십니다."
"맞아요! 그거 좀 바꿔야 하는데, 오후에 혹시 몇 시까지 진료하나요?","저희는 오후 6시 30분까지 진료합니다. 오후에 가능한 시간은 2시 30분, 3시 50분, 5시 10분입니다."
5시 10분으로 바꿔주세요.,"네, 그렇게 처리해드렸습니다."
"여보세요? 제가 오늘 예약을 했는데, 시간을 잘못 잡은 것 같아서요.","네, 성함과 예약 시간 알려주시겠어요?"
홍길동인데... 오전 예약이었어요. 근데 회사 때문에 안 될 것 같아요.,"네, 고객님. 오전 몇 시 예약이었는지 기억하시나요?"
아마 11시였을 거예요.,"네, 확인되었습니다. 오전 11시 진료가 맞습니다. 오후에 가능한 시간으로 변경해드릴까요?"
"네, 바꿔주세요. 가장 빠른 시간으로요.","네, 오후 2시 30분 진료가 가장 빠릅니다."
"네, 그걸로 할게요.","네, 그렇게 변경해드렸습니다."
"안녕하세요, 저 진료 예약 변경 좀 하고 싶은데요.","네, 고객님. 예약 내역 확인을 위해 성함과 예약 시간을 알려주세요."
홍길동이요. 제가 지난달에 예약했는데... 오늘인지는 모르겠어요.,"네, 고객님. 오늘 날짜로 예약이 있으신지 찾아봐드릴게요. 혹시 내과 진료가 맞으실까요?"
"네, 맞아요.","네, 오늘 오전 11시 내과 진료가 예약되어 있으십니다. 변경을 원하시나요?"
네. 오후에 3시나 4시쯤에 가능한가요?,"네, 오후 3시 50분 진료가 가능합니다."
3시 50분으로 변경할게요.,"네, 그렇게 변경해드렸습니다."
"여보세요. 제가 어제 전화해서 오늘 진료 예약 잡았는데, 혹시 예약이 잘 들어간 건지 확인하고 싶어서요.","네, 고객님. 성함과 생년월일을 말씀해주시면 확인해드릴게요."
홍길동이고 951225요.,"네, 확인되었습니다. 오늘 오전 11시 내과 진료로 예약되어 있으십니다."
"아, 네. 맞네요. 그럼 혹시 오후로 바꾸고 싶은데, 가능할까요?","네, 가능합니다. 오후 2시 30분, 3시 50분, 5시 10분 진료가 가능합니다."
5시 10분으로 변경해주세요.,"네, 그렇게 처리해드렸습니다."
안녕하세요. 홍길동인데요. 저 진료 예약이 돼 있다고 해서 전화했어요.,"네, 고객님. 혹시 어떤 날짜의 예약인지 기억하시나요?"
음... 오늘인 것 같아요.,"네, 오늘 날짜로 홍길동님 예약은 확인되었습니다. 변경을 원하시나요?"
"네, 바꾸고 싶어요. 오후에 빈 시간 있나요?","네, 오후 2시 30분, 3시 50분, 5시 10분 진료가 가능합니다."
3시 50분으로 변경해주세요.,"네, 그렇게 변경해드리겠습니다."
"여보세요. 저... 진료 예약을 한 것 같은데, 혹시 지금 바로 가도 될까요?","네, 고객님. 예약 내역 확인을 위해 성함과 원래 예약 시간을 말씀해주시겠어요?"
홍길동인데... 오늘 오전 11시였어요.,"네, 예약 내역은 확인됩니다. 지금 바로 오시면 대기 시간이 길어질 수 있습니다. 오후 2시 30분, 3시 50분, 5시 10분 중 편하신 시간으로 예약해드릴까요?"
3시 50분으로 변경할게요.,"네, 그렇게 처리해드렸습니다."
"안녕하세요. 제가 지난주에 예약하고 갔었는데, 이번주에 다시 오라고 했던 것 같아서요.","네, 고객님. 예약 내역 확인을 위해 성함과 생년월일을 알려주세요."
홍길동이고 95년생이에요.,"네, 확인되었습니다. 오늘 오전 11시 내과 진료가 예약되어 있으십니다. 혹시 시간 변경을 원하시나요?"
"네, 오후로 바꾸고 싶어요. 언제 가능할까요?","네, 오후 2시 30분, 3시 50분, 5시 10분 진료가 가능합니다."
3시 50분으로 바꿔주세요.,"네, 그렇게 변경해드리겠습니다."
여보세요. 저 병원 예약이 있었는데요.,"네, 고객님. 성함과 어떤 날짜의 예약인지 알려주시겠어요?"
홍길동이요. 날짜는 정확히 모르겠는데... 오전에 예약했었어요.,"네, 고객님. 오전 몇 시쯤으로 예약하셨는지 기억하시나요?"
11시였나...? 그랬던 것 같아요.,"네, 오늘 오전 11시 예약으로 확인됩니다. 변경을 원하시나요?"
네. 오후로요. 가장 빠른 시간으로요.,"네, 오후 2시 30분이 가장 빠릅니다."
그걸로 할게요.,"네, 그렇게 변경해드렸습니다."
안녕하세요. 제가 오늘 진료를 못 가게 됐는데... 혹시 내일로 바꿔도 될까요?,"네, 고객님. 성함과 오늘 예약 시간을 알려주세요."
홍길동인데... 오늘 몇 시였는지 모르겠어요. 오전이었다는 것만 기억나요.,"네, 확인해드리겠습니다. 오늘 오전 11시 진료가 맞으십니다. 내일로 변경을 원하시나요?"
"네, 내일 오전 10시로 바꿔주세요.","네, 그렇게 변경해드렸습니다."
여보세요. 홍길동인데요. 제가 오늘 진료가 있는 걸 깜빡했어요. 혹시 오후에 갈 수 있는 시간 있나요?,"네, 고객님. 오늘 예약 내역 확인해드릴게요. 몇 시 진료이신가요?"
아마 오전이었던 것 같아요.,"네, 오늘 오전 11시 내과 진료로 예약되어 있으십니다. 오후에 가능한 시간은 2시 30분, 3시 50분, 5시 10분입니다."
3시 50분으로 바꿔주세요.,"네, 그렇게 처리해드렸습니다."
"안녕하세요. 홍길동인데, 오늘 진료를 못 가게 됐어요.","네, 고객님. 예약 내역 확인을 위해 원래 예약 시간을 말씀해주시겠어요?"
오늘인데... 몇 시였는지 모르겠어요. 그냥 오전에 예약했어요.,"네, 오늘 오전 11시 내과 진료로 예약되어 있으십니다. 혹시 오후로 변경을 원하시나요?"
"네, 가능하면 오후로 바꿔주세요.","네, 오후 2시 30분, 3시 50분, 5시 10분 진료가 가능합니다."
3시 50분으로 바꿔주세요.,"네, 그렇게 변경해드리겠습니다."
"여보세요. 홍길동인데요. 제가 오늘 오후 2시 예약이었는데, 시간을 바꾸고 싶어요.","네, 예약 내역 확인해드리겠습니다. 죄송하지만 2시 진료는 예약이 되어 있지 않으십니다. 혹시 다른 시간에 예약하신 내역이 있으실까요?"
어? 아닌가요? 그럼 오늘 예약이 아예 없는 건가요?,오늘 오전 11시 내과 진료로 예약되어 있으십니다. 혹시 오후로 변경을 원하시나요?
네! 오후 3시 50분으로 바꿔주세요.,"네, 그렇게 처리해드렸습니다."
안녕하세요. 홍길동입니다. 제가 오늘 진료를 보려고 하는데... 혹시 오늘 오후에 빈 시간 있나요?,"네, 고객님. 기존에 예약하신 내역을 확인해드리겠습니다. 오늘 몇 시 진료로 예약되어 있으신가요?"
"오전에 예약했었는데, 몇 시였는지 모르겠어요.","네, 오늘 오전 11시 내과 진료로 예약되어 있으십니다. 오후에 가능한 시간은 2시 30분, 3시 50분, 5시 10분입니다."
3시 50분으로 바꿔주세요.,"네, 그렇게 변경해드리겠습니다."
"여보세요. 홍길동인데요. 제가 전화해서 예약 잡은 것 같은데, 이번주인 것 같아요.","네, 고객님. 혹시 오늘 날짜로 예약이 있으신지 확인해드릴게요."
네.,"네, 오늘 오전 11시 내과 진료로 예약되어 있으십니다. 혹시 시간 변경을 원하시나요?"
"네, 오후로요. 혹시 3시 반이나 4시 반으로 가능한가요?","네, 오후 3시 50분 진료가 가능합니다."
그럼 3시 50분으로 변경할게요.,"네, 그렇게 변경해드렸습니다."
안녕하세요. 홍길동인데... 제가 오늘 오전 11시에 진료 예약했었나?,"네, 예약 내역 확인해드리겠습니다. 네, 오늘 오전 11시 내과 진료로 예약되어 있으십니다."
"아, 맞네요! 그럼 혹시 오후로 바꾸고 싶은데...","네, 오후 2시 30분, 3시 50분, 5시 10분 진료가 가능합니다."
3시 50분으로 바꿔주세요.,"네, 그렇게 변경해드렸습니다."
여보세요. 제가 오늘 병원 예약을 했는데... 혹시 내일로 바꿀 수 있나요?,"네, 고객님. 성함과 오늘 예약 시간을 말씀해주시겠어요?"
"홍길동이고, 오늘 몇 시였는지 모르겠어요.","네, 확인해드리겠습니다. 오늘 오전 11시 진료가 맞으십니다. 내일로 변경을 원하시나요?"
"네, 내일 오전 10시로 바꿔주세요.","네, 그렇게 변경해드렸습니다."
"안녕하세요, 오늘 진료 시간 좀 오후로 바꾸고 싶은데요. 진료 끝나고 진단서도 받을 수 있을까요?","네, 성함과 예약 시간 알려주세요."
"홍길동이고, 오늘 오전 11시 예약이었어요.","네, 예약 내역 확인되었습니다. 오후 진료는 2시 30분, 3시 50분, 5시 10분 가능합니다. 진료 후 진단서는 바로 발급 가능하니 내원 시에 말씀해주세요."
3시 50분으로 바꿔주세요.,"네, 그렇게 변경해드리겠습니다."
"여보세요? 제가 오늘 진료를 못 가서요. 오후로 바꾸고 싶은데, 병원 주차는 어떻게 하나요?","네, 성함과 예약 시간 알려주세요."
"홍길동인데, 오늘 오전 11시 예약이었어요.","네, 예약 내역 확인되었습니다. 병원 건물에 주차장이 있으며, 진료 시에 무료 주차권 드립니다. 오후 2시 30분, 3시 50분, 5시 10분 중 편하신 시간으로 변경해드릴까요?"
3시 50분으로 바꿔주세요.,"네, 그렇게 변경해드리겠습니다."
"안녕하세요. 홍길동인데요, 오늘 오전 11시 예약이었어요. 시간을 오후로 바꾸고 싶은데, 혹시 진료비는 카드로 결제할 수 있나요?","네, 예약 내역 확인되었습니다. 카드 결제 가능합니다. 오후 2시 30분, 3시 50분, 5시 10분 진료가 가능합니다."
3시 50분으로 변경해주세요.,"네, 그렇게 변경해드리겠습니다."
경희내과죠? 저 오늘 진료 시간 좀 변경하려구요. 진료 후에 회사에 제출할 서류도 받을 수 있을까요?,"네, 성함과 예약 시간 알려주세요."
"홍길동이고, 오늘 오전 11시 예약이요.","네, 예약 내역 확인되었습니다. 어떤 서류이신가요? 진료 후 바로 발급해드릴 수 있습니다. 오후 2시 30분, 3시 50분, 5시 10분 중 편하신 시간 말씀해주세요."
진료 확인서요. 3시 50분으로 바꿔주세요.,"네, 그렇게 변경해드리겠습니다."
"여보세요. 홍길동인데, 오늘 오전 11시 예약이었어요. 시간 좀 변경하고 싶은데, 혹시 이번에 가면 독감주사도 같이 맞을 수 있나요?","네, 예약 내역 확인되었습니다. 독감 예방접종도 가능합니다. 진료 시 의사 선생님께 말씀해주세요. 오후 2시 30분, 3시 50분, 5시 10분 진료가 가능합니다."
3시 50분으로 바꿔주세요.,"네, 그렇게 변경해드리겠습니다."
"안녕하세요. 홍길동인데요, 오늘 오전 11시 예약이었어요. 시간을 오후로 바꾸고 싶은데, 진료 전에 금식해야 하나요?","네, 예약 내역 확인되었습니다. 특별한 검사가 예정되어 있지 않으시면 금식은 필요 없습니다. 오후 2시 30분, 3시 50분, 5시 10분 중 편하신 시간 말씀해주시겠어요?"
3시 50분으로 부탁드릴게요.,"네, 그렇게 변경해드리겠습니다."
"여보세요? 제가 오늘 진료를 못 가서요. 오후로 바꾸고 싶은데, 전에 먹던 약도 들고 가야 하나요?","네, 성함과 예약 시간 알려주세요."
"홍길동이고, 오늘 오전 11시 예약이었어요.","네, 예약 내역 확인되었습니다. 복용 중인 약이 있으시면 약 이름이 적힌 처방전이나 약을 가져와주시는 것이 좋습니다. 오후 2시 30분, 3시 50분, 5시 10분 진료가 가능합니다."
3시 50분으로 변경할게요.,"네, 그렇게 변경해드리겠습니다."
"안녕하세요. 홍길동인데 오늘 오전 11시 예약이에요. 오후로 바꾸고 싶은데, 제 진료기록도 혹시 볼 수 있나요?","네, 예약 내역 확인되었습니다. 진료 시에 이전 진료 기록은 의사 선생님께서 확인하실 수 있습니다. 오후 2시 30분, 3시 50분, 5시 10분 진료가 가능합니다."
3시 50분으로 바꿔주세요.,"네, 그렇게 변경해드리겠습니다."
"안녕하세요. 홍길동인데요, 오늘 오전 11시 예약이었어요. 오후로 변경하고 싶은데, 진료비가 얼마 정도 나오나요?","네, 예약 내역 확인되었습니다. 진료비는 진료 내용에 따라 달라질 수 있어 정확한 금액을 말씀드리기 어렵습니다. 오후 2시 30분, 3시 50분, 5시 10분 진료가 가능합니다."
3시 50분으로 바꿔주세요.,"네, 그렇게 변경해드리겠습니다."
"여보세요? 제가 오늘 진료를 못 가게 돼서요. 오후로 바꾸고 싶은데, 병원 내에 휠체어도 빌릴 수 있나요?","네, 성함과 예약 시간 알려주세요."
"홍길동이고, 오늘 오전 11시 예약이었어요.","네, 예약 내역 확인되었습니다. 병원 내에 휠체어가 구비되어 있으니 필요하시면 안내 데스크에 말씀해주세요. 오후 2시 30분, 3시 50분, 5시 10분 진료가 가능합니다."
3시 50분으로 변경할게요.,"네, 그렇게 변경해드리겠습니다."
"안녕하세요. 홍길동인데요, 오늘 오전 11시 예약이었어요. 오후로 바꾸고 싶은데, 혹시 다른 과목 진료도 같이 받을 수 있을까요?","네, 예약 내역 확인되었습니다. 다른 과목 진료도 가능합니다. 진료 시 의사 선생님과 상의해주세요. 오후 2시 30분, 3시 50분, 5시 10분 진료가 가능합니다."
3시 50분으로 부탁드릴게요.,"네, 그렇게 변경해드리겠습니다."
"여보세요. 홍길동인데, 오늘 오전 11시 예약이었어요. 시간 좀 변경하고 싶은데, 진료 후에 처방전 발급까지 얼마나 걸리나요?","네, 예약 내역 확인되었습니다. 진료와 처방전 발급까지는 15분 내외로 소요됩니다. 오후 2시 30분, 3시 50분, 5시 10분 진료가 가능합니다."
3시 50분으로 바꿔주세요.,"네, 그렇게 변경해드리겠습니다."
"안녕하세요. 홍길동인데 오늘 오전 11시 예약이에요. 오후로 바꾸고 싶은데, 혹시 이번에 가면 전에 했던 피검사 결과도 같이 볼 수 있나요?","네, 예약 내역 확인되었습니다. 이전에 하셨던 검사 결과는 시스템에 남아 있어 확인 가능합니다. 오후 2시 30분, 3시 50분, 5시 10분 진료가 가능합니다."
3시 50분으로 부탁드릴게요.,"네, 그렇게 변경해드리겠습니다."
"여보세요? 제가 오늘 진료를 못 가서요. 오후로 바꾸고 싶은데, 보험 청구용 영수증도 같이 받을 수 있을까요?","네, 성함과 예약 시간 알려주세요."
"홍길동이고, 오늘 오전 11시 예약이었어요.","네, 예약 내역 확인되었습니다. 진료 후 영수증은 보험 청구용으로 발급해드릴 수 있습니다. 오후 2시 30분, 3시 50분, 5시 10분 진료가 가능합니다."
3시 50분으로 변경할게요.,"네, 그렇게 변경해드리겠습니다."
"안녕하세요. 홍길동인데요, 오늘 오전 11시 예약이었어요. 시간을 오후로 바꾸고 싶은데, 진료 후에 바로 다음 예약을 잡을 수도 있나요?","네, 예약 내역 확인되었습니다. 진료 후에 접수 데스크에서 다음 예약을 도와드리고 있습니다. 오후 2시 30분, 3시 50분, 5시 10분 진료가 가능합니다."
3시 50분으로 바꿔주세요.,"네, 그렇게 변경해드리겠습니다."
"여보세요. 홍길동인데, 오늘 오전 11시 예약이었어요. 오후로 바꾸고 싶은데, 혹시 마스크는 꼭 쓰고 가야 하나요?","네, 예약 내역 확인되었습니다. 마스크는 자율적으로 착용하시면 됩니다. 오후 2시 30분, 3시 50분, 5시 10분 진료가 가능합니다."
3시 50분으로 변경할게요.,"네, 그렇게 변경해드리겠습니다."
"안녕하세요. 홍길동인데요, 오늘 오전 11시 예약이었어요. 오후로 바꾸고 싶은데, 병원 내에 약국도 있나요?","네, 예약 내역 확인되었습니다. 저희 병원 바로 옆 건물에 제휴 약국이 있습니다. 오후 2시 30분, 3시 50분, 5시 10분 진료가 가능합니다."
3시 50분으로 부탁드릴게요.,"네, 그렇게 변경해드리겠습니다."
"여보세요? 제가 오늘 진료를 못 가서요. 오후로 바꾸고 싶은데, 병원 내 화장실은 어디에 있나요?","네, 성함과 예약 시간 알려주세요."
"홍길동이고, 오늘 오전 11시 예약이었어요.","네, 예약 내역 확인되었습니다. 화장실은 진료실 옆에 있습니다. 오후 2시 30분, 3시 50분, 5시 10분 진료가 가능합니다."
3시 50분으로 바꿔주세요.,"네, 그렇게 변경해드리겠습니다."
"안녕하세요. 홍길동인데 오늘 오전 11시 예약이에요. 오후로 바꾸고 싶은데, 진료 대기 시간은 얼마나 되나요?","네, 예약 내역 확인되었습니다. 예약 시간에 맞춰 오시면 대기 시간은 길지 않습니다. 오후 2시 30분, 3시 50분, 5시 10분 진료가 가능합니다."
3시 50분으로 부탁드릴게요.,"네, 그렇게 변경해드리겠습니다."
"여보세요. 홍길동인데요, 오늘 오전 11시 예약이었어요. 오후로 바꾸고 싶은데, 진료 시에 보호자가 같이 들어가도 괜찮나요?","네, 예약 내역 확인되었습니다. 보호자 동반 진료 가능합니다. 오후 2시 30분, 3시 50분, 5시 10분 진료가 가능합니다."
3시 50분으로 변경할게요.,"네, 그렇게 변경해드리겠습니다."
"안녕하세요. 홍길동인데 오늘 오전 11시 예약이에요. 오후로 바꾸고 싶은데, 혹시 오늘 가면 다른 의사 선생님께 진료받게 되나요?","네, 예약 내역 확인되었습니다. 오늘 다른 선생님도 진료 가능하십니다. 오후 2시 30분, 3시 50분, 5시 10분 진료가 가능합니다."
3시 50분으로 부탁드릴게요.,"네, 그렇게 변경해드리겠습니다."
"여보세요. 홍길동인데요, 오늘 오전 11시 예약이었어요. 시간을 오후로 바꾸고 싶은데, 진료 후에 어떤 주사를 맞아야 하는지 알려주실 수 있나요?","네, 예약 내역 확인되었습니다. 주사 여부는 진료 후에 의사 선생님께서 결정하십니다. 오후 2시 30분, 3시 50분, 5시 10분 진료가 가능합니다."
3시 50분으로 바꿔주세요.,"네, 그렇게 변경해드리겠습니다."
"안녕하세요. 홍길동인데 오늘 오전 11시 예약이에요. 오후로 바꾸고 싶은데, 혹시 다른 병원에서 받은 서류도 가져가야 하나요?","네, 예약 내역 확인되었습니다. 다른 병원에서 받으신 진료 기록이나 소견서가 있으시면 가져와주시는 것이 좋습니다. 오후 2시 30분, 3시 50분, 5시 10분 진료가 가능합니다."
3시 50분으로 부탁드릴게요.,"네, 그렇게 변경해드리겠습니다."
"여보세요. 홍길동인데요, 오늘 오전 11시 예약이었어요. 오후로 바꾸고 싶은데, 진료 후 약 처방까지 받으려면 총 얼마나 걸릴까요?","네, 예약 내역 확인되었습니다. 진료와 처방전 발급까지는 15분 내외로 소요됩니다. 오후 2시 30분, 3시 50분, 5시 10분 진료가 가능합니다."
3시 50분으로 변경해주세요.,"네, 그렇게 변경해드리겠습니다."
"안녕하세요. 홍길동인데 오늘 오전 11시 예약이에요. 오후로 바꾸고 싶은데, 오늘 가면 검사를 바로 할 수 있나요?","네, 예약 내역 확인되었습니다. 어떤 검사이신지 말씀해주시면 안내해드릴 수 있습니다. 오후 2시 30분, 3시 50분, 5시 10분 진료가 가능합니다."
"피검사요. 네, 3시 50분으로 바꿔주세요.","네, 그렇게 변경해드리겠습니다."
"여보세요. 홍길동인데요, 오늘 오전 11시 예약이었어요. 오후로 바꾸고 싶은데, 진료 후에 따로 비용이 발생하는 것이 있나요?","네, 예약 내역 확인되었습니다. 진료 외에 추가적인 검사나 처치에 따라 비용이 발생할 수 있습니다. 오후 2시 30분, 3시 50분, 5시 10분 진료가 가능합니다."
3시 50분으로 바꿔주세요.,"네, 그렇게 변경해드리겠습니다."
"안녕하세요. 홍길동인데요, 오늘 오전 11시 예약이었어요. 오후로 바꾸고 싶은데, 진료 후에 회사에 제출할 소견서도 받을 수 있을까요?","네, 예약 내역 확인되었습니다. 소견서는 진료 내용에 따라 발급 가능합니다. 오후 2시 30분, 3시 50분, 5시 10분 진료가 가능합니다."
3시 50분으로 바꿔주세요.,"네, 그렇게 변경해드리겠습니다."
"여보세요. 홍길동인데, 오늘 오전 11시 예약이었어요. 오후로 바꾸고 싶은데, 진료 후에 바로 건강검진도 받을 수 있나요?","네, 예약 내역 확인되었습니다. 건강검진은 별도 예약이 필요합니다. 오늘은 진료만 가능하며, 오후 2시 30분, 3시 50분, 5시 10분 진료가 가능합니다."
그럼 3시 50분으로 진료만 변경할게요.,"네, 그렇게 변경해드리겠습니다."
"안녕하세요. 홍길동인데요, 오늘 오전 11시 예약이었어요. 오후로 바꾸고 싶은데, 진료 후에 진단서 발급 비용이 따로 있나요?","네, 예약 내역 확인되었습니다. 진단서 발급 비용은 별도로 발생합니다. 오후 2시 30분, 3시 50분, 5시 10분 진료가 가능합니다."
3시 50분으로 바꿔주세요.,"네, 그렇게 변경해드리겠습니다."
"여보세요. 홍길동인데요, 오늘 오전 11시 예약이었어요. 오후로 바꾸고 싶은데, 혹시 병원 엘리베이터도 있나요?","네, 예약 내역 확인되었습니다. 병원 건물에 엘리베이터가 있습니다. 오후 2시 30분, 3시 50분, 5시 10분 진료가 가능합니다."
3시 50분으로 바꿔주세요.,"네, 그렇게 변경해드리겠습니다."
"안녕하세요. 홍길동인데 오늘 오전 11시 예약이에요. 오후로 바꾸고 싶은데, 혹시 이번에 가면 이전과 같은 의사 선생님께 진료받을 수 있나요?","네, 예약 내역 확인되었습니다. 그 시간대에 해당 선생님 진료가 가능합니다. 오후 2시 30분, 3시 50분, 5시 10분 진료가 가능합니다."
3시 50분으로 바꿔주세요.,"네, 그렇게 변경해드리겠습니다."
"안녕하세요, 경희내과죠? 저 오늘 진료 시간 좀 변경하고 싶어서요. 오후에 가능한 시간대가 있을까요?","네, 성함과 예약 시간 알려주세요."
"홍길동이고, 오늘 오전 11시 예약이었어요.","네, 예약 내역은 확인됩니다. 오후 2시, 2시 30분, 3시 진료가 가능합니다."
2시 30분으로 바꿔주세요.,"네, 그렇게 변경해드리겠습니다."
여보세요? 제가 오늘 진료를 못 가게 돼서요. 혹시 늦은 오후에 빈 시간 있나요?,"네, 성함과 예약 시간 알려주세요."
"홍길동이고, 오늘 오전 11시 예약이에요.","네, 예약 내역은 확인됩니다. 오후 4시 30분, 5시, 5시 30분 진료가 가능합니다."
5시로 바꿔주세요.,"네, 그렇게 변경해드리겠습니다."
안녕하세요. 홍길동인데 오늘 오전 11시 예약이었어요. 오후에 혹시 2시쯤에 가능한가요?,"네, 예약 내역 확인되었습니다. 죄송하지만 2시는 마감되었습니다. 오후 2시 30분, 3시 30분 진료가 가능합니다."
2시 30분으로 변경할게요.,"네, 그렇게 변경해드리겠습니다."
경희내과죠? 저 오늘 진료 시간 좀 변경하려구요. 오후 3시쯤으로 바꾸고 싶은데요.,"네, 성함과 예약 시간 알려주세요."
"홍길동이고, 오늘 오전 11시 예약이요.","네, 예약 내역 확인됩니다. 죄송하지만 3시는 마감되었습니다. 오후 3시 30분, 4시, 4시 30분 진료가 가능합니다."
4시로 바꿔주세요.,"네, 그렇게 변경해드리겠습니다."
"여보세요. 홍길동인데요, 오늘 오전 11시 예약이었어요. 지금 바로 갈 수 있나요?","네, 예약 내역은 확인됩니다. 지금은 대기 시간이 깁니다. 오후 1시 30분, 2시 30분, 4시 30분 진료는 가능합니다."
4시 30분으로 변경할게요.,"네, 그렇게 변경해드리겠습니다."
"안녕하세요. 홍길동인데 오늘 오전 11시 예약이었어요. 갑자기 급한 일이 생겨서요, 혹시 오늘 오후에 5시 이후로도 가능한가요?","네, 예약 내역 확인됩니다. 오후 5시 30분 진료가 가능합니다."
그럼 5시 30분으로 바꿔주세요.,"네, 그렇게 변경해드리겠습니다."
"안녕하세요. 홍길동인데 오늘 오전 11시 예약이에요. 오늘 오후에 빈 시간 있으면 아무 때나 괜찮은데, 있나요?","네, 예약 내역은 확인됩니다. 오후 2시, 3시, 4시, 5시 진료가 가능합니다."
3시로 바꿔주세요.,"네, 그렇게 변경해드리겠습니다."
여보세요? 제가 오늘 진료를 못 가서요. 혹시 오늘 오후에 딱 한 시간만 가능하다고 하면 몇 시인가요?,"네, 성함과 예약 시간 알려주세요."
"홍길동이고, 오늘 오전 11시 예약이었어요.","네, 예약 내역 확인됩니다. 오늘 오후에는 4시 진료가 유일하게 가능합니다."
그럼 4시로 바꿔주세요.,"네, 그렇게 변경해드리겠습니다."
안녕하세요. 홍길동인데요. 오늘 오전 11시 예약이었어요. 오후에 진료 볼 시간이 있긴 할까요?,"네, 예약 내역은 확인됩니다. 오후 3시, 3시 30분, 4시 진료가 가능합니다."
3시 30분으로 바꿔주세요.,"네, 그렇게 변경해드리겠습니다."
안녕하세요. 홍길동입니다. 오늘 오전 11시 예약이었어요. 오후 1시쯤에 가도 되나요?,"네, 예약 내역 확인됩니다. 죄송하지만 1시 30분부터 진료가 시작됩니다. 오후 1시 30분, 2시, 3시 30분 진료가 가능합니다."
1시 30분으로 변경할게요.,"네, 그렇게 변경해드리겠습니다."
"여보세요. 홍길동인데요. 오늘 오전 11시 예약인데, 오후 4시에서 5시 사이에 가능한가요?","네, 예약 내역 확인됩니다. 오후 4시 30분 진료가 가능합니다."
그럼 4시 30분으로 변경해주세요.,"네, 그렇게 변경해드리겠습니다."
안녕하세요. 홍길동인데 오늘 오전 11시 예약이에요. 오후에 늦게라도 진료를 받을 수 있을까요?,"네, 예약 내역은 확인됩니다. 오후 5시 진료가 가능합니다."
5시로 바꿔주세요.,"네, 그렇게 변경해드리겠습니다."
여보세요. 홍길동인데요. 오늘 오전 11시 예약이었어요. 오후에 가장 빠른 시간으로 부탁드릴게요.,"네, 예약 내역 확인됩니다. 오후 1시 30분 진료가 가능합니다."
1시 30분으로 변경해주세요.,"네, 그렇게 변경해드리겠습니다."
"안녕하세요. 홍길동인데 오늘 오전 11시 예약이었어요. 오후에 갈 수 있는 시간이 3시 반밖에 없는데, 그때 가능할까요?","네, 예약 내역 확인됩니다. 오후 3시 30분 진료 가능합니다."
"네, 그럼 3시 30분으로 바꿔주세요.","네, 그렇게 변경해드리겠습니다."
"여보세요? 제가 오늘 진료를 못 가서요. 오후 2시 반이나 3시 반 둘 중에 하나만 있으면 되는데, 있나요?","네, 성함과 예약 시간 알려주세요."
"홍길동이고, 오늘 오전 11시 예약이었어요.","네, 예약 내역 확인됩니다. 오후 2시 30분, 3시 30분 모두 가능합니다."
그럼 2시 30분으로 변경할게요.,"네, 그렇게 변경해드리겠습니다."
안녕하세요. 홍길동인데요. 오늘 오전 11시 예약이었어요. 오후에 진료 볼 시간이 있긴 할까요?,"네, 예약 내역은 확인됩니다. 오후 1시 30분, 2시, 2시 30분 진료가 가능합니다."
2시로 바꿔주세요.,"네, 그렇게 변경해드리겠습니다."
여보세요. 홍길동인데요. 오늘 오전 11시 예약이었어요. 오후 4시 반으로 바꾸고 싶어요.,"네, 예약 내역 확인됩니다. 오후 4시 30분 진료 가능합니다."
그럼 4시 30분으로 변경해주세요.,"네, 그렇게 변경해드리겠습니다."
안녕하세요. 홍길동인데 오늘 오전 11시 예약이에요. 오후 1시에서 3시 사이에 빈 시간 있나요?,"네, 예약 내역은 확인됩니다. 오후 1시 30분, 2시, 2시 30분 진료가 가능합니다."
2시로 바꿔주세요.,"네, 그렇게 변경해드리겠습니다."
여보세요? 제가 오늘 진료를 못 가서요. 오후에 늦게라도 진료를 볼 수 있을까요?,"네, 성함과 예약 시간 알려주세요."
"홍길동이고, 오늘 오전 11시 예약이었어요.","네, 예약 내역 확인됩니다. 오후 5시, 5시 30분 진료가 가능합니다."
5시 30분으로 바꿔주세요.,"네, 그렇게 변경해드리겠습니다."
안녕하세요. 홍길동인데 오늘 오전 11시 예약이었어요. 오후 3시쯤으로 바꾸고 싶어요.,"네, 예약 내역 확인됩니다. 오후 3시, 3시 30분 진료가 가능합니다."
3시 30분으로 변경할게요.,"네, 그렇게 변경해드리겠습니다."
"안녕하세요, 경희내과죠? 오늘 진료 시간 좀 변경하고 싶어서요. 오후 3시에 혹시 가능한가요?","네, 성함과 예약 시간 알려주세요."
"홍길동이고, 오늘 오전 11시 예약이었어요.","네, 예약 내역 확인되었습니다. 죄송하지만 3시는 이미 예약이 꽉 찼습니다. 혹시 2시 30분이나 3시 50분은 어떠실까요?"
으음... 꼭 3시에 가고 싶었는데... 그럼... 3시 50분으로 바꿔주세요.,"네, 그렇게 처리해드리겠습니다."
여보세요? 제가 오늘 진료를 못 가서요. 오후 1시쯤에 가면 될까요?,"네, 성함과 예약 시간 알려주세요."
"홍길동이고, 오늘 오전 11시 예약이었어요.","네, 예약 내역은 확인됩니다. 죄송하지만 저희 병원은 오후 1시부터 2시까지 점심 시간입니다. 2시 30분이나 3시 50분 진료는 가능합니다."
"아, 그렇군요! 그럼 2시 30분으로 부탁드릴게요.","네, 그렇게 변경해드리겠습니다."
"안녕하세요. 홍길동인데요, 오늘 오전 11시 예약이었어요. 오후 2시쯤에 가고 싶은데 가능할까요?","네, 예약 내역 확인되었습니다. 죄송하지만 오후 2시는 이미 마감되었습니다. 1시 30분이나 2시 30분은 어떠실까요?"
2시 30분으로 할게요. 감사합니다.,"네, 그렇게 변경해드리겠습니다."
경희내과죠? 저 오늘 진료 시간 좀 변경하려구요. 오후 4시 30분으로 바꾸고 싶어요.,"네, 성함과 예약 시간 알려주세요."
"홍길동이고, 오늘 오전 11시 예약이요.","네, 예약 내역 확인됩니다. 죄송하지만 4시 30분은 이미 마감되었습니다. 3시 50분이나 4시 50분 진료는 가능합니다."
4시 50분으로 바꿔주세요.,"네, 그렇게 변경해드리겠습니다."
"여보세요. 홍길동인데요, 오늘 오전 11시 예약이었어요. 오후 5시쯤에 갈 수 있나요?","네, 예약 내역은 확인됩니다. 죄송하지만 5시는 다른 예약이 있어 진료가 어렵습니다. 4시 50분이나 5시 30분은 어떠실까요?"
5시 30분으로 변경할게요.,"네, 그렇게 변경해드리겠습니다."
안녕하세요. 홍길동인데요. 오늘 오전 11시 예약이었어요. 오후에 2시 반으로 가고 싶은데 가능할까요?,"네, 예약 내역 확인되었습니다. 죄송하지만 2시 30분은 이미 예약이 꽉 찼습니다. 혹시 2시나 3시는 어떠실까요?"
3시로 부탁드릴게요.,"네, 그렇게 변경해드리겠습니다."
안녕하세요. 홍길동인데 오늘 오전 11시 예약이에요. 오늘 저녁 늦게라도 진료 볼 수 있는 시간이 있나요?,"네, 예약 내역은 확인됩니다. 죄송하지만 오늘 저녁 진료는 이미 마감되었습니다. 혹시 내일 오전 10시나 오후 4시 20분은 어떠실까요?"
"아, 오늘이 안 되는군요. 그럼 내일 오전 10시로 부탁드릴게요.","네, 그렇게 변경해드리겠습니다."
"여보세요? 제가 오늘 김철수 원장님 진료 예약이 있는데, 오후로 변경하고 싶은데 계속 그분께 받을 수 있나요?","네, 성함과 예약 시간 알려주세요."
"홍길동인데, 오늘 오전 11시 예약이었어요.","네, 예약 내역 확인되었습니다. 죄송하지만 김철수 원장님은 오늘 오후 진료가 모두 마감되었습니다. 다른 원장님 진료를 받으시는 건 어떠실까요?"
"아, 그래요? 그럼 다른 원장님은 언제 가능한데요?","오후 2시 30분, 3시 50분, 5시 10분 진료가 가능합니다."
3시 50분으로 부탁드릴게요.,"네, 그렇게 변경해드리겠습니다."
"안녕하세요. 홍길동인데요, 오늘 오전 11시 예약이었어요. 시간을 오후 4시로 바꾸고 싶은데 가능할까요?","네, 예약 내역 확인되었습니다. 죄송하지만 4시는 이미 마감되었습니다. 3시나 5시 진료가 가능합니다."
5시로 변경해주세요.,"네, 그렇게 변경해드리겠습니다."
"여보세요. 홍길동인데, 오늘 오전 11시 예약이었어요. 오후 3시 반에 가고 싶어요.","네, 예약 내역은 확인됩니다. 죄송하지만 3시 30분은 이미 예약이 꽉 찼습니다. 혹시 3시나 4시는 어떠실까요?"
4시로 바꿔주세요.,"네, 그렇게 변경해드리겠습니다."
안녕하세요. 홍길동인데 오늘 오전 11시 예약이에요. 오후 2시나 3시쯤에 갈 수 있을까요?,"네, 예약 내역은 확인됩니다. 죄송하지만 2시와 3시 모두 마감되었습니다. 2시 30분이나 3시 50분은 어떠실까요?"
2시 30분으로 할게요.,"네, 그렇게 변경해드리겠습니다."
여보세요? 제가 오늘 진료를 못 가게 돼서요. 오후 5시 이후에 갈 수 있나요?,"네, 성함과 예약 시간 알려주세요."
"홍길동이고, 오늘 오전 11시 예약이었어요.","네, 예약 내역은 확인됩니다. 죄송하지만 저희 병원은 5시 30분에 마감됩니다. 4시 50분이나 5시 20분까지는 진료 가능합니다."
5시 20분으로 바꿔주세요.,"네, 그렇게 변경해드리겠습니다."
안녕하세요. 홍길동인데요. 오늘 오전 11시 예약이었어요. 오후에 2시 반이나 4시쯤 가능한가요?,"네, 예약 내역 확인되었습니다. 죄송하지만 2시 30분은 마감되었습니다. 4시 진료는 가능합니다."
"네, 그럼 4시로 변경할게요.","네, 그렇게 변경해드리겠습니다."
"여보세요. 홍길동인데, 오늘 오전 11시 예약이었어요. 오후에 3시나 4시쯤 가능한가요?","네, 예약 내역은 확인됩니다. 죄송하지만 3시는 이미 마감되었습니다. 4시 진료는 가능합니다."
4시로 바꿔주세요.,"네, 그렇게 변경해드리겠습니다."
안녕하세요. 홍길동인데요. 오늘 오전 11시 예약이었어요. 오후 1시 반으로 바꾸고 싶은데 가능할까요?,"네, 예약 내역 확인되었습니다. 죄송하지만 1시 30분은 마감되었습니다. 2시나 2시 30분 진료는 가능합니다."
2시로 부탁드릴게요.,"네, 그렇게 변경해드리겠습니다."
"여보세요. 홍길동인데, 오늘 오전 11시 예약이었어요. 오늘 오후에 4시 30분이나 5시 30분으로 가능한가요?","네, 예약 내역은 확인됩니다. 죄송하지만 5시 30분은 마감되었습니다. 4시 30분 진료는 가능합니다."
4시 30분으로 변경할게요.,"네, 그렇게 변경해드리겠습니다."
안녕하세요. 홍길동인데요. 오늘 오전 11시 예약이었어요. 오후에 3시쯤으로 바꾸고 싶은데요.,"네, 예약 내역 확인되었습니다. 죄송하지만 3시는 이미 예약이 꽉 찼습니다. 2시 30분이나 3시 30분 진료가 가능합니다."
3시 30분으로 바꿔주세요.,"네, 그렇게 변경해드리겠습니다."
"여보세요. 홍길동인데, 오늘 오전 11시 예약이었어요. 오후에 4시쯤으로 가능한가요?","네, 예약 내역은 확인됩니다. 죄송하지만 4시는 이미 마감되었습니다. 3시 30분이나 4시 30분 진료가 가능합니다."
4시 30분으로 바꿔주세요.,"네, 그렇게 변경해드리겠습니다."
안녕하세요. 홍길동인데요. 오늘 오전 11시 예약이었어요. 오후 5시로 바꾸고 싶은데요.,"네, 예약 내역 확인되었습니다. 죄송하지만 5시는 이미 마감되었습니다. 4시 50분이나 5시 30분 진료가 가능합니다."
5시 30분으로 변경할게요.,"네, 그렇게 변경해드리겠습니다."
"여보세요. 홍길동인데, 오늘 오전 11시 예약이었어요. 오후 2시쯤으로 가능한가요?","네, 예약 내역은 확인됩니다. 죄송하지만 2시는 이미 마감되었습니다. 1시 30분이나 2시 30분 진료가 가능합니다."
2시 30분으로 바꿔주세요.,"네, 그렇게 변경해드리겠습니다."
여보세요. 저... 진료 좀 바꾸려고요. 아파서 꼭 오늘 봐야 하는데... 오늘 안 되면 큰일이에요.,"네, 고객님. 많이 불편하시군요. 예약 내역 확인을 위해 성함과 기존 예약 시간을 말씀해주시겠어요?"
홍길동인데... 오늘 오전 11시 예약이었어요. 지금이라도 바로 갈 수 있을까요?,"네, 예약 내역 확인되었습니다. 지금 바로 오시면 대기가 길어질 수 있습니다. 오늘 진료가 꼭 필요하신 상황이시니, 가능한 가장 빠른 시간으로 확인해드리겠습니다."
네... 빨리 진료받고 싶어요...,오늘 오후 1시 30분 진료가 가능합니다. 괜찮으실까요?
"네, 그걸로 바꿔주세요. 정말 감사합니다.","네, 그렇게 변경해드렸습니다."
"안녕하세요. 홍길동인데요, 오늘 오전 11시 예약이었어요. 갑자기 증상이 너무 심해져서... 지금 당장 갈 수 있나요?","네, 고객님. 많이 힘드시군요. 예약 내역 확인되었습니다. 지금 오시면 대기가 길어져 힘드실 수 있습니다. 혹시 오늘 오후에 2시 30분 진료는 어떠실까요?"
2시 30분요? 그때쯤이면 괜찮을 것 같아요. 그럼 그걸로 바꿔주세요.,"네, 그렇게 변경해드리겠습니다."
여보세요. 홍길동입니다. 오늘 오전 11시 예약이요. 너무 아파서... 도저히 오전에는 못 갈 것 같아요. 오늘 오후에 꼭 진료를 받아야 하는데...,"네, 고객님. 많이 아프시군요. 오늘 진료는 꼭 보셔야 하는 상황이신 거죠?"
"네, 맞아요. 혹시 빈 시간 없나요?","네, 확인해드리겠습니다. 오늘 오후 3시 50분 진료가 가능합니다."
네... 그때까지는 버텨볼게요... 그걸로 바꿔주세요.,"네, 그렇게 처리해드리겠습니다."
"안녕하세요. 홍길동인데요, 오늘 오전 11시 예약이었어요. 저... 정말 죄송한데... 오늘 진료를 꼭 봐야 해서요.","네, 고객님. 괜찮습니다. 어떤 문의이실까요?"
몸이 너무 안 좋아서요. 혹시 취소된 예약 자리라도 있으면 제가 대신 들어갈 수 있나요?,"네, 확인해드리겠습니다. 마침 오늘 오후 4시 20분에 취소된 자리가 있습니다."
정말요? 감사합니다! 그걸로 바꿔주세요.,"네, 그렇게 변경해드렸습니다."
여보세요. 홍길동입니다. 오늘 오전 11시 예약이요. 갑자기 열이 너무 나서... 혹시 오늘 진료를 못 보면 어쩌죠?,"네, 고객님. 많이 놀라셨겠어요. 오늘 진료는 가능합니다. 오후에 오실 수 있는 시간을 알려주시겠어요?"
"음... 4시 정도는 갈 수 있을 것 같은데, 괜찮을까요?","네, 4시 진료는 마감되었습니다. 하지만 오늘 진료가 꼭 필요하신 상황이니 3시 50분이나 4시 30분은 어떠실까요?"
4시 30분으로 바꿔주세요.,"네, 그렇게 변경해드리겠습니다."
"안녕하세요. 홍길동인데요, 오늘 오전 11시 예약이었어요. 지금 상태가 너무 안 좋아서... 혹시 대기 시간이 좀 있더라도 바로 가도 될까요?","네, 고객님. 많이 힘드시죠. 예약 시간 변경 없이 내원하시면 대기가 길어질 수 있습니다. 오늘 진료를 꼭 보셔야 한다면, 2시 30분이나 3시 50분으로 예약하고 오시는 게 더 빠르실 수 있습니다."
그럼... 3시 50분으로 바꿔주세요.,"네, 그렇게 변경해드리겠습니다."
여보세요. 홍길동입니다. 오늘 오전 11시 예약이요. 너무 아파서... 지금 진료가 급한데... 혹시 예약 없이 가면 안 될까요?,"네, 고객님. 예약 없이 오시면 진료가 어려울 수 있습니다. 혹시 지금 오시면 2시 30분에 진료 가능하도록 도와드릴까요?"
"네, 감사합니다. 2시 30분으로 예약 부탁드립니다.","네, 그렇게 처리해드렸습니다."
"안녕하세요. 홍길동인데요, 오늘 오전 11시 예약이었어요. 이대로 두면 안 될 것 같아서... 꼭 오늘 진료를 봐야 하는데... 혹시 오늘 저녁에도 가능한가요?","네, 고객님. 많이 걱정되시겠어요. 오늘 진료는 꼭 보시는 게 좋겠습니다. 오늘 오후 5시 진료는 가능합니다."
"네, 5시로 바꿔주세요. 감사합니다.","네, 그렇게 변경해드렸습니다."
여보세요. 홍길동입니다. 오늘 오전 11시 예약이요. 제가 오늘 진료를 못 보면 다음주는 되어야 할 것 같아서요... 그럴 바엔 그냥 취소할까요?,"네, 고객님. 증상이 있으시면 오늘 진료 보시는 게 좋겠습니다. 취소하시기 전에 오늘 오후에 가능한 시간을 알려드릴까요?"
네... 혹시 늦게라도 갈 수 있나요?,"네, 오늘 오후 5시 30분 진료가 가능합니다."
"네, 그걸로 바꿔주세요.","네, 그렇게 변경해드렸습니다."
안녕하세요. 홍길동인데 오늘 오전 11시 예약이었어요. 아... 오늘 일이 많아서... 오후로 바꾸고 싶은데... 몸이 안 좋아서 오늘 안 가면 곤란해요.,"네, 고객님. 많이 힘드시군요. 오늘 진료를 꼭 받으실 수 있도록 도와드릴게요. 오후에 오실 수 있는 시간을 말씀해주시겠어요?"
음... 3시쯤에 가고 싶은데 가능할까요?,죄송하지만 3시는 마감되었습니다. 오늘 진료가 꼭 필요하신 상황이니 2시 30분이나 3시 30분은 어떠실까요?
"네, 그럼 3시 30분으로 바꿔주세요.","네, 그렇게 변경해드리겠습니다."
"여보세요. 홍길동인데요, 오늘 오전 11시 예약이었어요. 지금 너무 어지러워서... 진료 시간 좀 변경하고 싶어요. 오후에 가능한 시간 있을까요?","네, 고객님. 많이 불편하시군요. 오늘 진료는 꼭 보셔야 하는 상황이시니, 가능한 가장 빠른 시간으로 확인해드리겠습니다. 오후 2시 진료가 가능합니다."
"네, 2시로 바꿔주세요.","네, 그렇게 변경해드렸습니다."
안녕하세요. 홍길동입니다. 오늘 오전 11시 예약이요. 숨쉬기가 좀 불편해서... 혹시 오후에 바로 진료 가능한가요?,"네, 고객님. 많이 불안하시죠. 예약 내역 확인되었습니다. 오늘 오후 2시 30분이나 3시 50분 진료가 가능합니다."
2시 30분으로 바꿔주세요.,"네, 그렇게 변경해드리겠습니다."
"여보세요. 홍길동인데요, 오늘 오전 11시 예약이었어요. 갑자기 배가 너무 아파서... 오후에 꼭 진료를 받아야 해요.","네, 고객님. 많이 아프시군요. 오늘 진료 꼭 보실 수 있도록 도와드릴게요. 오후 3시 50분 진료가 가능합니다."
"네, 3시 50분으로 바꿔주세요.","네, 그렇게 변경해드리겠습니다."
안녕하세요. 홍길동인데 오늘 오전 11시 예약이에요. 머리가 너무 아파서요... 오후에 혹시 일찍 진료 가능한 시간이 있을까요?,"네, 고객님. 많이 힘드시죠. 오늘 오후 1시 30분 진료가 가장 빠릅니다."
"네, 1시 30분으로 바꿔주세요.","네, 그렇게 변경해드리겠습니다."
여보세요. 홍길동입니다. 오늘 오전 11시 예약이요. 온몸에 힘이 없어서... 오후에 꼭 진료를 봐야 하는데... 혹시 대기 없이 바로 들어갈 수 있는 시간 있나요?,"네, 고객님. 많이 힘드시군요. 죄송하지만 대기 없이 바로 들어가는 것은 어렵습니다. 오늘 진료가 꼭 필요하시니 오후 2시 30분이나 3시 50분 진료는 가능합니다."
그럼 2시 30분으로 바꿔주세요.,"네, 그렇게 변경해드리겠습니다."
안녕하세요. 홍길동인데 오늘 오전 11시 예약이에요. 밤에 잠을 못 잤더니... 몸이 너무 안 좋아요. 오후로 바꿀 수 있을까요?,"네, 고객님. 많이 피곤하시겠어요. 오늘 오후 3시 진료가 가능합니다."
"네, 3시로 바꿔주세요.","네, 그렇게 변경해드리겠습니다."
"여보세요. 홍길동인데요, 오늘 오전 11시 예약이었어요. 갑자기 일이 생겨서... 시간을 오후로 바꿔야 하는데... 오늘 안 가면 내일 더 아플 것 같아요.","네, 고객님. 많이 걱정되시겠어요. 오늘 진료 꼭 보시는 것이 좋겠습니다. 오늘 오후 4시 진료가 가능합니다."
"네, 4시로 바꿔주세요.","네, 그렇게 변경해드리겠습니다."
안녕하세요. 홍길동인데 오늘 오전 11시 예약이에요. 제가 지금 병원 근처인데... 혹시 바로 가면 진료받을 수 있나요?,"네, 고객님. 예약 없이 오시면 대기가 길어질 수 있습니다. 지금 오시면 2시 30분 진료가 가능합니다."
"네, 그럼 2시 30분으로 예약하고 갈게요.","네, 그렇게 변경해드렸습니다."
여보세요. 홍길동입니다. 오늘 오전 11시 예약이요. 손이 너무 떨려서... 오후에 꼭 진료를 봐야 하는데... 오후에 몇 시에 가능한지 알려주세요.,"네, 고객님. 많이 불안하시죠. 오늘 오후 2시 30분, 3시 50분, 5시 10분 진료가 가능합니다."
3시 50분으로 바꿔주세요.,"네, 그렇게 변경해드리겠습니다."
안녕하세요. 홍길동인데 오늘 오전 11시 예약이에요. 숨이 너무 차서... 오후에 꼭 진료를 봐야 하는데...,"네, 고객님. 많이 힘드시군요. 오늘 진료 꼭 보시는 것이 좋겠습니다. 오후 2시 30분 진료가 가능합니다."
"네, 2시 30분으로 바꿔주세요.","네, 그렇게 변경해드리겠습니다."
여보세요. 저 오늘 진료 예약이 있는데... 너무 아파서... 지금 당장 갈 수 있는 시간 있을까요?,"네, 고객님. 많이 불편하시군요. 예약 내역 확인을 위해 성함과 기존 예약 시간을 말씀해주시겠어요?"
홍길동인데... 오늘 오전 11시 예약이었어요. 지금이라도 바로 가고 싶어요.,"네, 예약 내역 확인되었습니다. 지금 오시면 대기가 길어지실 수 있습니다. 오늘 진료가 꼭 필요하신 상황이시니, 가능한 가장 빠른 시간으로 확인해드리겠습니다. 오후 1시 30분 진료가 가능합니다."
"네, 1시 30분으로 바꿔주세요. 감사합니다.","네, 그렇게 변경해드렸습니다."
안녕하세요. 홍길동인데요. 오늘 오전 11시 예약이었어요. 갑자기 증상이 심해져서... 오늘 진료를 꼭 봐야 할 것 같아요.,"네, 고객님. 많이 힘드시군요. 예약 내역 확인되었습니다. 혹시 오늘 오후 2시나 2시 30분 진료는 어떠실까요?"
2시로 바꿔주세요.,"네, 그렇게 변경해드리겠습니다."
여보세요. 홍길동입니다. 오늘 오전 11시 예약이요. 너무 아파서... 도저히 오전에 못 갈 것 같아요. 오늘 오후에 꼭 진료를 받아야 하는데...,"네, 고객님. 많이 아프시군요. 오늘 진료는 꼭 보셔야 하는 상황이신 거죠?"
"네, 맞아요. 혹시 오후 3시 이후에 빈 시간 있나요?","네, 확인해드리겠습니다. 오후 3시 30분, 4시, 4시 30분 진료가 가능합니다."
4시로 바꿔주세요.,"네, 그렇게 처리해드리겠습니다."
"안녕하세요. 홍길동인데요, 오늘 오전 11시 예약이었어요. 저... 정말 죄송한데... 오늘 진료를 꼭 봐야 해서요.","네, 고객님. 괜찮습니다. 어떤 문의이실까요?"
몸이 너무 안 좋아서요. 혹시 오늘 늦은 오후에라도 가능한가요?,"네, 확인해드리겠습니다. 오늘 오후 5시나 5시 30분 진료가 가능합니다."
5시 30분으로 바꿔주세요.,"네, 그렇게 변경해드리겠습니다."
여보세요. 홍길동입니다. 오늘 오전 11시 예약이요. 갑자기 열이 너무 나서... 혹시 오늘 진료를 못 보면 어쩌죠?,"네, 고객님. 많이 놀라셨겠어요. 오늘 진료는 가능합니다. 오후에 오실 수 있는 시간을 알려주시겠어요?"
"음... 4시 정도는 갈 수 있을 것 같은데, 괜찮을까요?","네, 4시 진료는 마감되었습니다. 하지만 오늘 진료가 꼭 필요하신 상황이니 3시 50분이나 4시 50분은 어떠실까요?"
4시 50분으로 바꿔주세요.,"네, 그렇게 변경해드리겠습니다."
"안녕하세요. 홍길동인데요, 오늘 오전 11시 예약이었어요. 지금 상태가 너무 안 좋아서... 혹시 대기 시간이 좀 있더라도 바로 가도 될까요?","네, 고객님. 많이 힘드시죠. 예약 시간 변경 없이 내원하시면 대기가 길어질 수 있습니다. 오늘 진료를 꼭 보셔야 한다면, 오후 2시 30분이나 3시로 예약하고 오시는 게 더 빠르실 수 있습니다."
그럼... 2시 30분으로 바꿔주세요.,"네, 그렇게 변경해드리겠습니다."
여보세요. 홍길동입니다. 오늘 오전 11시 예약이요. 너무 아파서... 지금 진료가 급한데... 혹시 예약 없이 가면 안 될까요?,"네, 고객님. 예약 없이 오시면 진료가 어려울 수 있습니다. 혹시 지금 오시면 2시에 진료 가능하도록 도와드릴까요?"
"네, 감사합니다. 2시로 예약 부탁드립니다.","네, 그렇게 처리해드렸습니다."
"안녕하세요. 홍길동인데요, 오늘 오전 11시 예약이었어요. 이대로 두면 안 될 것 같아서... 꼭 오늘 진료를 봐야 하는데... 오후에 늦게라도 가능한가요?","네, 고객님. 많이 걱정되시겠어요. 오늘 진료는 꼭 보시는 게 좋겠습니다. 오늘 오후 5시 30분 진료가 가능합니다."
"네, 5시 30분으로 바꿔주세요. 감사합니다.","네, 그렇게 변경해드렸습니다."
여보세요. 홍길동입니다. 오늘 오전 11시 예약이요. 너무 아파서... 오늘 진료를 못 보면 다음주는 되어야 할 것 같아서요.,"네, 고객님. 증상이 있으시면 오늘 진료 보시는 게 좋겠습니다. 오늘 오후에 가능한 시간을 알려드릴까요?"
네... 혹시 4시 이후에 가능한가요?,"네, 오후 4시 30분 진료가 가능합니다."
"네, 그걸로 바꿔주세요.","네, 그렇게 변경해드렸습니다."
안녕하세요. 홍길동인데 오늘 오전 11시 예약이에요. 아... 오늘 일이 많아서... 오후로 바꾸고 싶은데... 몸이 안 좋아서 오늘 안 가면 곤란해요.,"네, 고객님. 많이 힘드시군요. 오늘 진료를 꼭 받으실 수 있도록 도와드릴게요. 오후에 오실 수 있는 시간을 말씀해주시겠어요?"
음... 3시쯤에 가고 싶은데 가능할까요?,죄송하지만 3시는 마감되었습니다. 오늘 진료가 꼭 필요하신 상황이니 2시 30분이나 3시 30분은 어떠실까요?
"네, 그럼 3시 30분으로 바꿔주세요.","네, 그렇게 변경해드리겠습니다."
"여보세요. 홍길동인데요, 오늘 오전 11시 예약이었어요. 지금 너무 어지러워서... 진료 시간 좀 변경하고 싶어요. 오후에 가능한 시간 있을까요?","네, 고객님. 많이 불편하시군요. 오늘 진료는 꼭 보셔야 하는 상황이시니, 가능한 가장 빠른 시간으로 확인해드리겠습니다. 오후 1시 30분 진료가 가능합니다."
"네, 1시 30분으로 바꿔주세요.","네, 그렇게 변경해드리겠습니다."
안녕하세요. 홍길동입니다. 오늘 오전 11시 예약이요. 숨쉬기가 좀 불편해서... 혹시 오후에 바로 진료 가능한가요?,"네, 고객님. 많이 불안하시죠. 예약 내역 확인되었습니다. 오늘 오후 2시 30분이나 3시 50분 진료가 가능합니다."
2시 30분으로 바꿔주세요.,"네, 그렇게 변경해드리겠습니다."
"여보세요. 홍길동인데요, 오늘 오전 11시 예약이었어요. 갑자기 배가 너무 아파서... 오후에 꼭 진료를 받아야 해요.","네, 고객님. 많이 아프시군요. 오늘 진료 꼭 보실 수 있도록 도와드릴게요. 오후 3시 50분 진료가 가능합니다."
"네, 3시 50분으로 바꿔주세요.","네, 그렇게 변경해드리겠습니다."
안녕하세요. 홍길동인데 오늘 오전 11시 예약이에요. 머리가 너무 아파서요... 오후에 혹시 일찍 진료 가능한 시간이 있을까요?,"네, 고객님. 많이 힘드시죠. 오늘 오후 1시 30분 진료가 가장 빠릅니다."
"네, 1시 30분으로 바꿔주세요.","네, 그렇게 변경해드리겠습니다."
여보세요. 홍길동입니다. 오늘 오전 11시 예약이요. 온몸에 힘이 없어서... 오후에 꼭 진료를 봐야 하는데... 혹시 대기 없이 바로 들어갈 수 있는 시간 있나요?,"네, 고객님. 죄송하지만 대기 없이 바로 들어가는 것은 어렵습니다. 오늘 진료가 꼭 필요하시니 오후 2시 30분이나 3시 50분 진료는 가능합니다."
그럼 2시 30분으로 바꿔주세요.,"네, 그렇게 변경해드리겠습니다."
안녕하세요. 홍길동인데 오늘 오전 11시 예약이에요. 밤에 잠을 못 잤더니... 몸이 너무 안 좋아요. 오후로 바꿀 수 있을까요?,"네, 고객님. 많이 피곤하시겠어요. 오늘 오후 3시 진료가 가능합니다."
"네, 3시로 바꿔주세요.","네, 그렇게 변경해드리겠습니다."
"여보세요. 홍길동인데요, 오늘 오전 11시 예약이었어요. 갑자기 일이 생겨서... 시간을 오후로 바꿔야 하는데... 오늘 안 가면 내일 더 아플 것 같아요.","네, 고객님. 많이 걱정되시겠어요. 오늘 진료 꼭 보시는 것이 좋겠습니다. 오늘 오후 4시 진료가 가능합니다."
"네, 4시로 바꿔주세요.","네, 그렇게 변경해드리겠습니다."
안녕하세요. 홍길동인데 오늘 오전 11시 예약이에요. 제가 지금 병원 근처인데... 혹시 바로 가면 진료받을 수 있나요?,"네, 고객님. 예약 없이 오시면 대기가 길어질 수 있습니다. 지금 오시면 2시 30분 진료가 가능합니다."
"네, 그럼 2시 30분으로 예약하고 갈게요.","네, 그렇게 변경해드렸습니다."
여보세요. 홍길동입니다. 오늘 오전 11시 예약이요. 손이 너무 떨려서... 오후에 꼭 진료를 봐야 하는데... 오후에 몇 시에 가능한지 알려주세요.,"네, 고객님. 많이 불안하시죠. 오늘 오후 2시 30분, 3시 50분, 5시 10분 진료가 가능합니다."
3시 50분으로 바꿔주세요.,"네, 그렇게 변경해드리겠습니다."
안녕하세요. 홍길동인데 오늘 오전 11시 예약이에요. 숨이 너무 차서... 오후에 꼭 진료를 봐야 하는데...,"네, 고객님. 많이 힘드시군요. 오늘 진료 꼭 보시는 것이 좋겠습니다. 오후 2시 30분 진료가 가능합니다."
"네, 2시 30분으로 바꿔주세요.","네, 그렇게 변경해드리겠습니다."
안녕하세요... 저... 혹시... 오늘 진료 시간 좀 변경할 수 있을까요...?,"네, 고객님. 편하게 말씀해주세요. 예약 내역 확인을 위해 성함과 기존 예약 시간을 알려주시겠어요?"
홍길동인데... 오늘 오전 11시 예약이었어요.,"네, 예약 내역 확인되었습니다. 오후 진료로 변경을 원하시는 걸까요?"
네... 오후에 괜찮으시다면요...,"네, 오후 2시, 3시, 4시 진료가 가능합니다."
3시로 바꿔주세요.,"네, 그렇게 변경해드리겠습니다."
여보세요? 제가 오늘 진료를 가야 하는데... 시간을 좀 미뤄야 할 것 같아서...,"네, 고객님. 성함과 예약 시간 알려주시면 확인해드릴게요."
"홍길동이고, 오늘 오전 11시 예약이에요.","네, 예약 내역 확인되었습니다. 오후로 변경을 원하시는 걸까요?"
네... 혹시 늦게라도 가능한 시간 있을까요?,"네, 오후 4시 30분, 5시, 5시 30분 진료가 가능합니다."
5시로 부탁드릴게요.,"네, 그렇게 변경해드리겠습니다."
안녕하세요. 홍길동인데 오늘 오전 11시 예약이었어요. 시간을 바꾸고 싶은데... 좀 무리한 부탁일까요?,"네, 고객님. 괜찮습니다. 문의하신 내용 말씀해주시겠어요?"
오후에 가도 될지 여쭤보려고요...,"네, 가능합니다. 오후 2시 30분, 3시 30분, 4시 30분 진료가 가능합니다."
3시 30분으로 변경할게요.,"네, 그렇게 변경해드리겠습니다."
경희내과죠? 저 오늘 진료 시간 좀 변경하고 싶은데... 어떻게 될지 모르겠지만...,"네, 성함과 예약 시간 알려주세요."
"홍길동이고, 오늘 오전 11시 예약이요.","네, 예약 내역 확인되었습니다. 혹시 오후로 변경을 고려하시는 걸까요?"
네... 혹시 가능한 시간 있는지만 먼저 확인하고 싶어서요.,"네, 오후 1시 30분, 2시 30분, 3시 30분 진료가 가능합니다."
"네, 그럼 3시 30분으로 바꿔주세요.","네, 그렇게 변경해드리겠습니다."
"여보세요. 홍길동인데요, 오늘 오전 11시 예약이었어요. 오후로 바꾸고 싶은데... 자리가 없을 수도 있겠죠?","네, 예약 내역은 확인됩니다. 가능하신 시간대를 말씀해주시면 확인해드릴게요."
3시쯤으로 가고 싶은데... 있을까요...?,"네, 죄송하지만 3시는 마감되었습니다. 2시 30분이나 3시 30분 진료는 가능합니다."
3시 30분으로 변경할게요.,"네, 그렇게 변경해드리겠습니다."
"안녕하세요. 홍길동인데요, 오늘 오전 11시 예약이었어요. 시간을... 좀 미루려고 하는데...","네, 고객님. 오후로 변경을 원하시는 걸까요?"
네... 혹시 4시쯤에 가능한가요?,"네, 4시 진료는 가능합니다."
그럼 4시로 바꿔주세요.,"네, 그렇게 변경해드리겠습니다."
안녕하세요. 홍길동인데 오늘 오전 11시 예약이에요. 오늘 진료를... 꼭 봐야 하는데... 오후에 혹시 일찍 가면 될까요?,"네, 고객님. 오후 진료를 원하시는군요. 오후 1시 30분 진료가 가장 빠릅니다."
"네, 1시 30분으로 바꿔주세요.","네, 그렇게 변경해드리겠습니다."
여보세요? 제가 오늘 진료를 못 가서... 다음에 가야 할 것 같은데...,"네, 성함과 예약 시간 알려주세요. 혹시 오늘 진료를 취소하실 예정이신가요?"
"홍길동이고, 오늘 오전 11시 예약이었어요. 취소하기는 좀 그런데... 오후에 늦게라도 가능하면 가고 싶어서요.","네, 오후 5시나 5시 30분 진료가 가능합니다."
5시 30분으로 바꿔주세요.,"네, 그렇게 변경해드리겠습니다."
안녕하세요. 홍길동인데요. 오늘 오전 11시 예약이었어요. 오후로 바꾸려고 하는데... 혹시... 30분 단위로 가능한지 여쭤봐도 될까요...?,"네, 고객님. 물론이죠. 저희는 30분 단위로 예약을 진행하고 있습니다. 오후 2시 30분, 3시, 3시 30분 진료가 가능합니다."
2시 30분으로 바꿔주세요.,"네, 그렇게 변경해드리겠습니다."
안녕하세요. 홍길동입니다. 오늘 오전 11시 예약이었어요. 시간을 바꾸고 싶은데... 혹시 지금 전화해도 되는 시간인가요?,"네, 고객님. 지금 전화하셔도 괜찮습니다. 오후로 변경을 원하시는 걸까요?"
네... 오후 4시쯤에 가능할까요?,"네, 4시는 마감되었습니다. 하지만 오후 3시 30분이나 4시 30분 진료는 가능합니다."
4시 30분으로 바꿔주세요.,"네, 그렇게 변경해드리겠습니다."
"여보세요. 홍길동인데, 오늘 오전 11시 예약이었어요. 저... 좀 아파서... 오후에 진료를 받아야 할 것 같은데...","네, 고객님. 오후 진료로 변경을 원하시는군요. 오후 2시, 3시 30분, 5시 진료가 가능합니다."
3시 30분으로 바꿔주세요.,"네, 그렇게 변경해드리겠습니다."
안녕하세요. 홍길동인데 오늘 오전 11시 예약이에요. 시간을 바꾸고 싶은데... 언제쯤 전화하면 좋을지 몰라서요.,"네, 고객님. 편하실 때 전화주시면 됩니다. 오후 진료로 변경을 원하시는 걸까요?"
네... 2시에서 4시 사이에 가능한 시간 있을까요?,"네, 오후 2시 30분, 3시 30분 진료가 가능합니다."
2시 30분으로 바꿔주세요.,"네, 그렇게 변경해드리겠습니다."
여보세요? 제가 오늘 진료를 못 가서... 혹시 내일로 바꿀 수 있을까요...?,"네, 고객님. 성함과 예약 시간 알려주세요. 내일로 변경을 원하시는군요."
"홍길동이고, 오늘 오전 11시 예약이었어요.","네, 예약 내역 확인되었습니다. 내일 오후 2시 진료는 가능합니다."
"네, 그걸로 바꿔주세요.","네, 그렇게 변경해드리겠습니다."
안녕하세요. 홍길동인데요. 오늘 오전 11시 예약이었어요. 오후에 가고 싶은데... 죄송하지만 몇 시에 가능한지 여쭤봐도 될까요?,"네, 고객님. 오후에 가능한 시간은 2시, 3시 30분, 5시입니다."
3시 30분으로 바꿔주세요.,"네, 그렇게 변경해드리겠습니다."
"여보세요. 홍길동인데, 오늘 오전 11시 예약이었어요. 혹시... 진료가 끝나는 시간은 몇 시인가요?","네, 고객님. 저희 진료는 오후 6시 30분에 마감됩니다. 혹시 늦은 오후 진료를 원하시는 걸까요?"
네... 5시 이후에 갈 수 있을지 여쭤보려고요.,"네, 오후 5시 30분 진료가 가능합니다."
"네, 그걸로 바꿔주세요.","네, 그렇게 변경해드리겠습니다."
안녕하세요. 홍길동인데요. 오늘 오전 11시 예약이었어요. 시간을... 좀 뒤로 미루고 싶은데...,"네, 고객님. 오후로 변경을 원하시는군요. 오후 2시 30분, 4시, 5시 30분 진료가 가능합니다."
4시로 바꿔주세요.,"네, 그렇게 변경해드리겠습니다."
"여보세요. 홍길동인데, 오늘 오전 11시 예약이었어요. 오후에... 제가 갈 수 있는 시간이 딱 한 시간밖에 없는데...","네, 고객님. 어떤 시간이신가요? 말씀해주시면 확인해드릴게요."
3시 반이요... 혹시 가능할까요?,"네, 3시 30분 진료 가능합니다."
"네, 그걸로 바꿔주세요.","네, 그렇게 변경해드리겠습니다."
안녕하세요. 홍길동인데 오늘 오전 11시 예약이에요. 오늘 오후에 빈 시간 있는지... 혹시... 많이 바쁘시면 다음에 전화드릴까요...?,"네, 고객님. 괜찮습니다. 지금 확인해드릴게요. 오후에 오실 수 있는 시간을 말씀해주시겠어요?"
2시나 3시쯤이요...,"네, 2시 30분 진료가 가능합니다."
"네, 2시 30분으로 바꿔주세요.","네, 그렇게 변경해드리겠습니다."
"여보세요. 홍길동인데요, 오늘 오전 11시 예약이었어요. 시간을 바꾸고 싶은데... 괜히 방해하는 것 같아서 죄송해서...","네, 고객님. 전혀 방해되지 않습니다. 오후로 변경을 원하시는군요. 오후 2시 30분, 3시 30분, 4시 30분 진료가 가능합니다."
2시 30분으로 바꿔주세요.,"네, 그렇게 변경해드리겠습니다."
안녕하세요. 홍길동인데 오늘 오전 11시 예약이에요. 저... 좀 늦게 갈 것 같은데... 혹시...,"네, 고객님. 예약 시간 변경을 원하시는 걸까요?"
네... 오후 3시쯤에 가고 싶어요.,죄송하지만 3시는 마감되었습니다. 2시 30분이나 3시 30분 진료가 가능합니다.
3시 30분으로 바꿔주세요.,"네, 그렇게 변경해드리겠습니다."
"안녕하세요, 오늘 진료 시간 좀 변경하고 싶어서요. 오후에 가능한 시간대가 있을까요?","네, 성함과 예약 시간 알려주세요."
"홍길동이고, 오늘 오전 11시 예약이었어요.","네, 예약 내역은 확인됩니다. 오후 2시, 3시, 4시 진료가 가능합니다."
"3시로 바꿔주세요. 아, 아니요, 4시로 해주세요.","네, 알겠습니다. 오후 4시로 변경해드리겠습니다."
여보세요? 제가 오늘 진료를 못 가게 돼서요. 오후 3시쯤으로 바꾸고 싶은데...,"네, 성함과 예약 시간 알려주세요."
"홍길동인데, 오늘 오전 11시 예약이었어요.","네, 예약 내역 확인됩니다. 오후 2시 30분, 3시, 3시 30분 진료가 가능합니다."
"3시로요. 아, 잠깐만요. 아니, 3시 30분으로 해주세요.","네, 그렇게 변경해드리겠습니다."
안녕하세요. 홍길동인데 오늘 오전 11시 예약이었어요. 오후 2시쯤에 가능한가요?,"네, 예약 내역 확인되었습니다. 오후 2시 진료 가능합니다."
"네, 그걸로 할게요. 아, 근데... 혹시 2시 반도 가능한가요?","네, 2시 30분도 가능합니다."
그럼 2시 30분으로 바꿔주세요.,"네, 그렇게 변경해드리겠습니다."
경희내과죠? 저 오늘 진료 시간 좀 변경하려구요. 오후 4시 반에 갈게요.,"네, 성함과 예약 시간 알려주세요."
"홍길동이고, 오늘 오전 11시 예약이요.","네, 예약 내역 확인됩니다. 죄송하지만 4시 30분은 마감되었습니다. 3시 30분이나 4시 진료는 가능합니다."
"아, 그래요? 그럼 3시 30분으로 해주세요. 아, 잠시만요... 그냥 4시로 할게요.","네, 오후 4시로 변경해드리겠습니다."
"여보세요. 홍길동인데요, 오늘 오전 11시 예약이었어요. 오후 5시쯤에 갈 수 있나요?","네, 예약 내역은 확인됩니다. 오후 5시 진료 가능합니다."
"네, 그럼 5시로... 아, 아니요, 그냥 취소할게요. 죄송해요.","네, 알겠습니다. 기존 예약 취소 처리해드렸습니다."
안녕하세요. 홍길동인데요. 오늘 오전 11시 예약이었어요. 오후에 2시로 바꾸고 싶은데 가능할까요?,"네, 예약 내역 확인되었습니다. 2시 진료 가능합니다."
"네, 그럼 2시로... 아, 아니다! 그냥 오전 11시에 갈게요. 시간 변경 안 할래요.","네, 알겠습니다. 기존 예약대로 유지해드리겠습니다."
안녕하세요. 홍길동인데 오늘 오전 11시 예약이에요. 오늘 오후 3시 반에 가능한가요?,"네, 예약 내역은 확인됩니다. 오후 3시 30분 진료 가능합니다."
"네, 3시 30분으로 바꿔주세요. 아... 근데 혹시 4시 30분은 안 될까요?","네, 4시 30분 진료도 가능합니다."
그럼 4시 30분으로 바꿔주세요.,"네, 그렇게 변경해드리겠습니다."
여보세요? 제가 오늘 진료를 못 가서요. 오후에 2시나 3시쯤에 가능한가요?,"네, 성함과 예약 시간 알려주세요."
"홍길동이고, 오늘 오전 11시 예약이었어요.","네, 예약 내역 확인됩니다. 2시와 3시 모두 마감되었습니다. 2시 30분이나 3시 30분 진료가 가능합니다."
"아... 그럼 3시 30분으로 할게요. 아, 아니요! 그냥 2시 30분으로 해주세요.","네, 알겠습니다. 오후 2시 30분으로 변경해드렸습니다."
안녕하세요. 홍길동인데요. 오늘 오전 11시 예약이었어요. 오후에 4시로 바꾸고 싶은데 가능할까요?,"네, 예약 내역 확인되었습니다. 4시 진료 가능합니다."
"네, 그걸로... 아, 죄송해요. 갑자기 일이 생겨서... 그냥 취소할게요.","네, 알겠습니다. 예약 취소 처리해드렸습니다."
안녕하세요. 홍길동입니다. 오늘 오전 11시 예약이었어요. 오후 3시쯤으로 바꾸고 싶은데요.,"네, 예약 내역 확인되었습니다. 3시 진료 가능합니다."
"네, 3시로... 아, 아니요. 죄송하지만 3시 반으로 바꿔주세요.","네, 3시 30분으로 변경해드리겠습니다."
"여보세요. 홍길동인데, 오늘 오전 11시 예약이었어요. 오후 2시쯤에 가고 싶어요.","네, 예약 내역은 확인됩니다. 오후 2시 진료 가능합니다."
"네, 2시로... 아, 내일로 바꿀게요. 내일 오후 2시는 어떤가요?","네, 내일 오후 2시 진료 가능합니다."
"네, 그럼 내일 오후 2시로 변경해주세요.","네, 그렇게 처리해드리겠습니다."
안녕하세요. 홍길동인데 오늘 오전 11시 예약이에요. 오후 3시 반에 가능한가요?,"네, 예약 내역은 확인됩니다. 오후 3시 30분 진료 가능합니다."
"네, 3시 30분으로... 아, 헷갈렸네요. 4시 30분으로 바꿔주세요.","네, 오후 4시 30분으로 변경해드리겠습니다."
여보세요? 제가 오늘 진료를 못 가서... 오후 5시 반에 갈 수 있나요?,"네, 성함과 예약 시간 알려주세요."
"홍길동이고, 오늘 오전 11시 예약이었어요.","네, 예약 내역 확인됩니다. 5시 30분 진료 가능합니다."
"네, 5시 30분으로... 아, 아니요. 5시로 할게요.","네, 오후 5시로 변경해드리겠습니다."
안녕하세요. 홍길동인데요. 오늘 오전 11시 예약이었어요. 오후 2시로 바꾸고 싶어요.,"네, 예약 내역 확인되었습니다. 2시 진료 가능합니다."
"네, 2시로... 아... 역시 그냥 원래 시간대로 가는 게 나을 것 같아요.","네, 알겠습니다. 기존 예약대로 유지해드리겠습니다."
"여보세요. 홍길동인데, 오늘 오전 11시 예약이었어요. 오후 3시쯤에 가능한가요?","네, 예약 내역 확인됩니다. 오후 3시 진료 가능합니다."
"네, 3시로... 잠깐만요. 혹시 3시 반은 마감됐나요?","아니요, 3시 30분도 가능합니다."
그럼 3시 30분으로 바꿔주세요.,"네, 그렇게 변경해드리겠습니다."
안녕하세요. 홍길동인데요. 오늘 오전 11시 예약이었어요. 오후 4시 30분으로 바꿀게요.,"네, 예약 내역 확인되었습니다. 4시 30분 진료 가능합니다."
"네, 4시 30분으로... 아, 죄송해요. 4시로 해야 할 것 같아요.","네, 오후 4시로 변경해드리겠습니다."
"여보세요. 홍길동인데, 오늘 오전 11시 예약이었어요. 오후 2시 반이나 3시 반 중 하나로 바꾸고 싶어요.","네, 예약 내역 확인됩니다. 오후 2시 30분, 3시 30분 모두 가능합니다."
"네, 2시 30분으로... 아니요, 그냥 3시 30분으로 할게요.","네, 3시 30분으로 변경해드리겠습니다."
안녕하세요. 홍길동인데요. 오늘 오전 11시 예약이었어요. 오후 1시 반이나 2시 반 중 가능한가요?,"네, 예약 내역 확인되었습니다. 1시 30분, 2시 30분 모두 가능합니다."
"네, 1시 30분으로... 아, 헷갈렸네요. 2시 30분으로 할게요.","네, 2시 30분으로 변경해드리겠습니다."
"여보세요. 홍길동인데, 오늘 오전 11시 예약이었어요. 오후 3시로 바꾸고 싶어요.","네, 예약 내역 확인됩니다. 오후 3시 진료 가능합니다."
"네, 3시로... 아, 역시 그냥 4시로 바꿀게요.","네, 오후 4시로 변경해드리겠습니다."
"안녕하세요, 저 오늘 진료 시간 좀 바꾸고 싶어서요.","네, 고객님. 예약 내역 확인을 위해 성함과 기존 예약 시간을 말씀해주시겠어요?"
"홍길동인데, 오늘 오전 11시였어요. 혹시 오후에 가능한 시간 있나요?","네, 확인되었습니다. 오후에는 2시 30분, 3시 50분, 5시 10분 진료가 가능합니다."
"음... 3시 50분으로 할게요. 아, 잠깐만요. 제가 그 시간에 주차할 곳이 없을까 봐요... 혹시 주차는 어떻게 하나요?","네, 3시 50분으로 변경하시려는 거죠? 저희 병원 건물에 주차장이 있으며, 진료 시에 무료 주차권 드립니다."
"아, 네! 그럼 괜찮겠네요. 3시 50분으로 확정해주세요.","네, 그렇게 변경해드렸습니다."
"여보세요? 홍길동인데, 오늘 오전 11시 예약이었어요. 시간을 바꾸고 싶은데...","네, 고객님. 오후 진료를 원하시는 걸까요?"
네... 혹시 2시나 3시쯤 가능한가요?,"죄송하지만 2시와 3시는 마감되었습니다. 2시 15분, 3시 15분 진료는 가능합니다."
2시 15분으로 할게요. 아... 근데 제가 진료 후에 회사 제출용 서류도 받아야 하거든요.,"네, 알겠습니다. 진료확인서나 진단서가 필요하시면 진료 후 접수 데스크에 말씀해주시면 바로 발급 가능합니다. 2시 15분으로 변경해드릴까요?"
"네, 그렇게 해주세요.","네, 그렇게 변경해드렸습니다."
안녕하세요. 홍길동입니다. 오늘 오전 11시 예약인데요. 제가 오후에 중요한 일이 있어서... 혹시 오후에 일찍 가능한 시간 없을까요?,"네, 고객님. 예약 내역 확인해드리겠습니다. 오후 1시 30분이나 2시 15분 진료가 가능합니다."
"음... 1시 30분으로 할게요. 아, 잠시만요... 제가 오늘 열이 좀 나는데... 진료 전에 뭘 먹어도 괜찮을까요?","네, 예약 변경 도와드리겠습니다. 특별한 검사가 예정되어 있지 않으면 가볍게 드시는 것은 괜찮습니다. 1시 30분으로 변경 확정해드릴까요?"
"네, 1시 30분으로 변경해주세요.","네, 그렇게 처리해드렸습니다."
여보세요? 제가 오늘 진료를 못 가서요. 오후로 바꾸고 싶은데...,"네, 성함과 예약 시간 알려주세요."
"홍길동이고, 오늘 오전 11시 예약이었어요.","네, 예약 내역 확인됩니다. 오후 2시 45분, 3시 45분 진료가 가능합니다."
"3시 45분으로 바꿔주세요. 아, 근데... 혹시 이번에 가면 다음 예약도 미리 잡을 수 있나요?","네, 가능합니다. 진료 후 데스크에서 다음 예약까지 함께 도와드릴 수 있습니다. 3시 45분으로 변경해드릴까요?"
"네, 그걸로 할게요.","네, 그렇게 변경해드렸습니다."
"안녕하세요. 홍길동인데요, 오늘 오전 11시 예약이었어요. 시간을 오후로 바꾸고 싶은데, 제 증상이 좀... 복잡해서요.","네, 고객님. 오후 진료를 원하시는군요. 오후 2시 30분이나 4시 진료가 가능합니다."
"4시로 바꿔주세요. 아, 근데... 제가 지금 복용하고 있는 약이 있는데, 그것도 가져가야 할까요?","네, 예약 변경 도와드리겠습니다. 복용 중인 약이 있으시면 약 봉투나 처방전을 가져오시면 진료에 도움이 됩니다. 4시로 변경 확정해드릴까요?"
"네, 4시로 변경해주세요.","네, 그렇게 변경해드리겠습니다."
여보세요. 홍길동입니다. 오늘 오전 11시 예약이요. 오후 3시쯤으로 바꾸고 싶은데 가능할까요?,"네, 예약 내역 확인됩니다. 오후 2시 30분, 3시, 4시 진료가 가능합니다."
"3시로 바꿔주세요. 아, 아니요, 혹시 2시 30분은 아직 되나요? 그게 더 나을 것 같아요.","네, 2시 30분도 가능합니다."
"그럼 2시 30분으로 바꿔주세요. 아, 그리고 진료 끝나고 처방전도 꼭 받아야 해요.","네, 알겠습니다. 오후 2시 30분으로 변경해드리겠습니다. 진료 후 처방전까지 잘 챙겨드리겠습니다."
"네, 감사합니다.","네, 알겠습니다."
"안녕하세요. 홍길동인데요, 오늘 오전 11시 예약이었어요. 시간을 오후로 바꾸고 싶은데, 가능하면 늦은 시간으로요.","네, 고객님. 예약 내역 확인되었습니다. 오후 4시 15분, 5시 15분 진료가 가능합니다."
"4시 15분으로 할게요. 아, 근데... 제가 이번에 진료 보고 나면 다음 진료 날짜를 언제쯤으로 잡아야 하는지 알려주실 수 있나요?","네, 다음 진료 날짜는 진료 후에 의사 선생님께서 안내해주실 겁니다. 4시 15분으로 변경 확정해드릴까요?"
"네, 4시 15분으로 부탁드릴게요.","네, 그렇게 변경해드리겠습니다."
"여보세요. 홍길동인데, 오늘 오전 11시 예약이었어요. 오후로 바꾸고 싶은데... 혹시 오후에 가장 한가한 시간이 몇 시인가요?","네, 고객님. 오후 2시나 5시에 비교적 한가한 편입니다. 그 외에도 오후 3시 30분 진료도 가능합니다."
"음... 2시로 할게요. 아, 근데 잠깐만요. 제 보험 관련 서류도 챙겨가야 하나요?","네, 2시로 변경해드리겠습니다. 보험 관련 서류는 진료 후 보험 청구용 영수증을 받아가시면 됩니다."
"네, 그렇게 해주세요.","네, 그렇게 변경해드렸습니다."
안녕하세요. 홍길동인데요. 오늘 오전 11시 예약이었어요. 혹시... 오후 2시쯤에 가능한가요?,"네, 예약 내역 확인되었습니다. 오후 2시 진료 가능합니다."
2시로... 아니요! 3시로 할게요. 3시는 아직 가능하죠?,"네, 3시 진료도 가능합니다."
그럼 3시로 바꿔주세요. 그리고 진료 끝나고 진단서도 받을 수 있는지 미리 여쭤봐도 될까요?,"네, 가능합니다. 진료 후 원무과에 말씀해주시면 됩니다. 3시로 변경해드리겠습니다."
"네, 감사합니다.","네, 그렇게 처리해드렸습니다."
"여보세요. 홍길동인데, 오늘 오전 11시 예약이었어요. 오후에 4시 30분으로 바꾸고 싶어요.","네, 예약 내역 확인됩니다. 4시 30분 진료 가능합니다."
"네, 4시 30분으로... 아, 죄송해요. 제가 착각했네요. 내일 오후 3시로 바꿔주실 수 있나요?","네, 내일 오후 3시 진료 가능합니다."
"네, 그럼 내일 오후 3시로 변경해주세요.","네, 그렇게 변경해드렸습니다."
